PM2.5_mean,PM2.5_median,PM2.5_std,PM2.5_max,PM2.5_min,PM2.5_q1,PM2.5_q3,PM2.5_trend,PM2.5_exceedance,PM10_mean,PM10_median,PM10_std,PM10_max,PM10_min,PM10_q1,PM10_q3,PM10_trend,PM10_exceedance,O3_mean,O3_median,O3_std,O3_max,O3_min,O3_q1,O3_q3,O3_trend,O3_exceedance,NO2_mean,NO2_median,NO2_std,NO2_max,NO2_min,NO2_q1,NO2_q3,NO2_trend,NO2_exceedance,SO2_mean,SO2_median,SO2_std,SO2_max,SO2_min,SO2_q1,SO2_q3,SO2_trend,SO2_exceedance,CO_mean,CO_median,CO_std,CO_max,CO_min,CO_q1,CO_q3,CO_trend,CO_exceedance,NOx_mean,NOx_median,NOx_std,NOx_max,NOx_min,NOx_q1,NOx_q3,NOx_trend,NOx_exceedance,corr_PM2.5_PM10,corr_PM2.5_O3,corr_PM2.5_NO2,corr_PM2.5_SO2,corr_PM2.5_CO,corr_PM2.5_NOx,corr_PM10_O3,corr_PM10_NO2,corr_PM10_SO2,corr_PM10_CO,corr_PM10_NOx,corr_O3_NO2,corr_O3_SO2,corr_O3_CO,corr_O3_NOx,corr_NO2_SO2,corr_NO2_CO,corr_NO2_NOx,corr_SO2_CO,corr_SO2_NOx,corr_CO_NOx,station
18.887231089521165,17.0,13.431576458535858,97.0,0.0,8.0,26.0,-0.001080561791659629,69.18806384455239,39.75240301100174,36.0,24.551619250732728,266.0,0.0,21.0,54.0,-0.0024794721014217134,76.93109438332368,31.09206202267994,26.8,18.810468630312332,102.9,0.0,16.8,41.8,-0.00012316317917785696,0.023142791020597086,8.792876203735933,7.7,5.285731148707212,36.2,0.5,4.7,11.9,-0.00013655511131014985,0.0,2.020284491731236,1.8,1.1920994936441576,29.1,0.0,1.3,2.4,-4.34236068142941e-05,0.0,0.29624467717804115,0.29,0.13090676958948635,1.09,0.07,0.19,0.38,-5.726360158683661e-06,0.0,10.102216034342732,8.7,6.026670503569661,53.0,0.8,5.5,13.4,-0.0001696111110054181,0.10442046641141664,0.8880867503370019,0.08042748137543239,0.6530213655661843,0.37129147262774526,0.7896346632592818,0.6546065251103981,0.09412659421047874,0.547999013085592,0.31899198726238015,0.6755182159469222,0.5467798440405442,-0.31158759926298074,0.04534103031709901,-0.05536655028415422,-0.3235030858211845,0.4824023567432217,0.8362924934926137,0.9970205230473798,0.4510314040550423,0.4785379779093491,0.837506374645251,嘉義
13.066286777532271,11.0,8.384416018609402,72.0,0.0,7.0,17.0,-0.0009336293119054005,53.59925572741017,23.785150812064966,21.0,15.916669964219198,167.0,0.0,13.0,30.0,-0.0011560953143218533,51.96055684454757,27.96053811659193,27.8,17.3882084405369,117.1,0.0,14.0,38.8,-0.0002895588096889852,0.1180080245456691,13.939454209065682,12.3,8.13436493827919,67.5,0.9,8.1,17.8,-0.0003072118837513359,1.191026827012026,0.7868848653667595,0.7,0.5419129848258356,8.2,0.0,0.4,1.0,-1.910306405221851e-05,0.0,0.39015535097813575,0.34,0.1981797751459281,2.81,0.09,0.26,0.46,-7.565526944169971e-06,0.0,16.832759019426454,14.3,11.331908469322347,185.8,1.3,9.8,20.6,-0.00037507008096600227,4.104995374653099,0.7876873375376734,0.002127503662315138,0.4928694636154942,0.36884038498315286,0.5352896263009069,0.4675137832840299,0.050770287621271094,0.3520177377120519,0.30238706670376153,0.38638728600041583,0.3291430226493564,-0.5463197523826568,-0.00470654724517692,-0.4300372597080154,-0.5359427544687603,0.3815344845591505,0.8998660232229764,0.9289310901836719,0.3595039089263235,0.37578983223341084,0.948369242315044,板橋
17.815695326024237,16.0,11.989891229001394,78.0,0.0,8.0,26.0,-0.0010249547336287363,66.35891517599538,34.80768332554881,31.0,20.430508590702672,153.0,0.0,19.0,48.0,-0.00210926579989731,71.89397477814106,31.286869504858856,25.2,22.42637437110071,147.5,0.0,13.9,45.025,-0.0004766202718757495,0.5552984729291994,6.390290574060948,5.5,4.077354183462017,43.5,0.0,3.225,8.7,-0.000546440355851156,0.011811953697141508,1.115015899187375,0.9,1.0113090053165352,20.3,0.0,0.5,1.4,-2.8229283333445132e-05,0.0,0.24936212086131046,0.24,0.11766255217778618,1.54,0.0,0.15,0.33,-9.770206564901641e-06,0.0,7.294684620836286,6.4,4.356789369284249,45.2,0.1,4.0,9.8,-0.0005456277311872355,0.023623907394283016,0.8600630821637544,0.28493502593833947,0.6508996693658312,0.5195622843618566,0.8737149867619646,0.6454238454876964,0.27305918730885537,0.6291004894178159,0.5231388338445617,0.7880844357297401,0.6219189686749854,-0.09782474057269773,0.24935483284453053,0.27657735142295464,-0.10503920825171595,0.534382543352247,0.7192637115278788,0.9943497454186583,0.5645261342948162,0.535397960518668,0.7269196577474217,潮州
11.246576932002785,10.0,7.909714952293591,93.0,0.0,6.0,14.0,-0.000538504498389486,44.650731028080756,33.459027858724795,29.0,20.404861122251898,273.0,0.0,20.0,42.0,-0.001133189417980225,73.59832148269028,43.93061581525542,46.1,16.086012442028807,98.0,5.6,32.0,54.6,-0.0008134294348440636,0.0,2.547694994179278,1.7,2.632619533206841,32.3,0.0,1.0,3.2,-9.93342190555083e-05,0.0,0.3870008197681228,0.2,0.4720576227817995,6.5,0.0,0.1,0.5,9.516305495887788e-06,0.0,0.15711945154543341,0.14,0.07242575850791175,0.7,0.0,0.11,0.19,-4.496373384628845e-06,0.0,2.742433061699651,1.8,2.9598347960106253,36.2,0.0,1.0,3.3,-0.00010650783202879782,0.0,0.7483136682864828,0.40102856671033,0.15758707482517398,-0.06088317129725774,0.5276748503606788,0.15429473940964036,0.4225617978160005,-0.09361159846377066,-0.20233862983292816,0.25035518386548955,-0.0952703868393561,-0.44464582874774405,-0.1833720927241138,0.22807409467292605,-0.4474299744394214,0.33092433619239997,0.5092442251694259,0.9996597284991082,0.034728778400642986,0.33238442534171864,0.5078814892278077,富貴角
18.10872841080329,16.0,12.80714459501872,86.0,0.0,8.0,26.0,-0.0009569569586832175,66.83667555349484,37.307799604789025,35.0,23.443931363537928,209.0,0.0,18.0,52.0,-0.00220897547948907,70.75438800418459,28.86764569842738,24.4,18.045245796188762,96.4,0.0,14.7,40.9,-3.547551482626983e-05,0.0,14.475413656490328,12.8,7.830599798518522,59.4,1.4,8.7,18.6,-1.657169306380848e-05,0.932183640177115,1.4703139427516159,1.2,2.0348999293105074,137.6,0.0,0.8,1.7,2.6262417279979786e-05,0.04616805170821791,0.44168799723279145,0.4,0.23344716163762752,2.37,0.07,0.28,0.55,-4.941356492725084e-06,0.0,17.09932416686087,14.6,9.90064377475167,109.8,1.1,10.1,21.5,5.081475651339615e-05,3.2859473316243304,0.9054605196946184,0.08403904338835638,0.6224343323787734,0.08715751837539666,0.7638025056084595,0.5997582534462299,0.09955212094138065,0.5906102497408168,0.08314120812895928,0.6984551930064442,0.5632088933304431,-0.36242711014903817,-0.05988695014261534,-0.15518362885382528,-0.3895671906175823,0.2870880876089058,0.81491779090415,0.9934425623343146,0.1643086439188556,0.2777039822832861,0.8168608236822987,復興
20.094407210538478,18.0,13.226257531723368,93.0,0.0,10.0,28.0,-0.00128758111731304,72.50982204760804,42.71967250922509,40.0,22.089071208788283,253.0,2.0,25.0,56.0,-0.0016412721438396616,84.29428044280442,28.24715551410585,23.3,19.420948732265625,119.6,0.0,13.3,40.0,-0.000323447470363114,0.1049195616693868,12.560168895144264,11.4,7.272057561460724,55.2,0.0,7.4,16.6,-0.0002083126195067868,0.38705137227304715,2.1635970044465247,1.4,3.099768700899091,79.5,0.0,0.8,2.2,9.114668766897427e-05,0.12871518839223028,0.3116298791821561,0.3,0.15319097861426376,1.44,0.0,0.2,0.39,-7.022236863440392e-06,0.0,14.437567440769412,12.9,8.513527734501562,80.5,0.0,8.6,18.4,-0.0002120193731147287,1.5130190007037299,0.9026934647404709,0.08720046826971452,0.7134446968409988,0.21107116048645616,0.7835373409046961,0.6930209280367039,0.16114661300540614,0.7126827114483532,0.21258664268463956,0.7708169868010453,0.6898202427177906,-0.29899273678412397,-0.022379146165914115,-0.09192634638012098,-0.3270683526365156,0.3348149727768787,0.8525920182150445,0.9948183194508643,0.2982457587661046,0.33985497718665136,0.845949608901577,大寮
12.248802709963789,11.0,8.671017788883056,78.0,0.0,6.0,16.0,-5.438936498544634e-05,50.695012264922326,25.58290578358209,23.0,16.01581051125859,181.0,0.0,15.0,32.0,-0.0009157435098651,58.61707089552238,29.02488940628638,29.8,18.757849109593284,125.5,0.0,12.825000000000001,40.7,-0.00022459665462127033,0.24447031431897556,12.051632771644393,10.3,7.590420807645407,63.7,1.0,6.8,15.2,-0.0004855921048301016,0.9296920395119116,1.1327213191439598,1.1,0.5972537406708758,8.0,0.0,0.7,1.4,-2.457506546599205e-05,0.0,0.3454228280961183,0.31,0.17256788038941168,1.82,0.07,0.23,0.41,-9.752578242978721e-06,0.0,15.205531667635094,11.8,12.055859223883775,124.1,1.5,7.9,18.0,-0.0005857728720734859,4.450900639163277,0.7851571586647857,-0.06950292666899249,0.5275974003065682,0.20669245643102419,0.6134784573427899,0.5054937138414793,-0.07967483451290189,0.39849113831288047,0.18143118108329107,0.4408217362732394,0.37613061310515117,-0.6020661964454074,-0.017360952041573306,-0.4012122955804136,-0.577109177371201,0.1997072225409283,0.8542063772080133,0.9163427642685386,0.18785385786739367,0.18068584985931951,0.9312671350826615,土城
17.682497700091997,15.0,11.57959324752185,84.0,0.0,9.0,24.0,-0.0012532849314954785,68.49126034958601,40.70665438636887,38.0,24.281094668445338,222.0,0.0,21.0,55.0,-0.002103313399577274,77.65369560211836,28.995172095172098,23.8,19.893527685501184,117.5,0.0,13.4,41.9,-0.00023753300001632093,0.0693000693000693,12.966211998612879,12.0,6.345852989458437,62.2,1.9,8.5,16.35,-9.09022675787696e-05,0.33522136169228994,1.7068834313386372,1.6,0.9261251105621867,13.7,0.0,1.1,2.1,-1.6107616830420465e-05,0.0,0.3027737478411054,0.29,0.1258347741122415,1.02,0.07,0.21,0.38,-3.5796929010653043e-06,0.0,15.024598312333833,13.4,8.35258680482376,94.7,2.4,9.6,18.5,-0.0001375285314900204,1.4333603051670327,0.894889716177368,0.16319054329506577,0.5608346665994529,0.09917144387344251,0.7088288232258324,0.5015051458714885,0.21792892262482513,0.5159864394776952,0.09290243337900529,0.6536523564898747,0.4594925743943214,-0.24096234558656157,-0.039851548361567325,0.013756917561686774,-0.2917457914861186,0.2950443812567516,0.7848927776430671,0.972517465865847,0.12804413645773613,0.2775071795575043,0.7558246220562093,楠梓
11.627237627237628,10.0,7.57614425353465,81.0,0.0,6.0,15.0,-0.0007200051991097747,48.36784836784837,23.717500291477208,21.0,15.257574388355069,282.0,0.0,14.0,30.0,-0.0014123953442165657,52.58248804943454,30.03708800740141,31.1,17.16676109760284,90.2,0.0,15.1,43.0,-0.0005560517573298354,0.0,8.162648359320457,5.9,6.6896638402099855,57.7,0.2,3.3,11.0,-0.00025467049732313734,0.15126832673958576,1.038475999498684,0.9,0.7960177760617091,15.4,0.0,0.6,1.3,-1.9147237770359213e-05,0.0,0.282243152663816,0.25,0.14750702361674606,1.66,0.07,0.19,0.34,-7.127841418210798e-06,0.0,10.230032580870374,6.9,9.358633016498738,94.2,0.9,4.2,13.075,-0.00026000049502112417,1.8152199208750293,0.779445850472608,0.15287648261768222,0.29683261551740925,0.1661311583169768,0.4363529240757856,0.2733579808230272,0.1849237749534524,0.1892688920130034,0.1275156297098666,0.31816127857027565,0.17937806736803924,-0.5699271157192343,0.20276708241289135,-0.3065862601138971,-0.5860842348883574,0.11895740115157576,0.8214335029432707,0.9649479097359328,0.18832288943418987,0.0999605793195491,0.8552110973758319,基隆
13.904734209608003,12.0,9.015160336417702,82.0,0.0,8.0,18.0,-0.0002741647051481107,57.6131208561126,27.068816953889147,23.0,17.372190571740177,283.0,0.0,16.0,34.25,-0.0010908592619667391,59.74615742897066,32.80717358446692,34.2,16.418274516496535,113.1,0.0,20.3,43.4,-0.00046360369847529007,0.06975933031042902,8.284010776619422,6.8,5.677198727330164,44.3,0.7,4.6,10.1,1.6435699161254927e-05,0.10542345086095818,1.115,1.1,0.5865202062853013,5.6,0.0,0.7,1.4,-3.0052063513047553e-05,0.0,0.23879981410479847,0.22,0.107044053674998,0.91,0.06,0.17,0.29,-2.8653184990995833e-06,0.0,9.714243879582991,7.9,6.976130658370847,75.4,1.1,5.4,11.4,5.849709064032244e-05,0.8082464566006795,0.7787341155459659,0.07561082397239995,0.500826256430723,0.16709199876963615,0.7330352076325266,0.4756846863296858,0.1537206031189407,0.2766628446473191,0.14910980245760724,0.44461398567204785,0.25234152415521205,-0.5575831754426149,0.14048679411050347,-0.1783844711202775,-0.5512951586981348,0.2220325439030463,0.7762301297951532,0.9654014669921754,0.17687441565095158,0.18953527683034538,0.7718542209313384,湖口
17.128079962807995,15.0,10.526343698319883,92.0,0.0,9.0,23.0,-0.0011713682784034916,69.9674569967457,36.14349146996962,32.0,21.04332267873593,275.0,0.0,21.0,46.0,-0.0020466873985156447,76.58331385837812,30.809821119446045,28.7,16.62754086800292,102.3,0.1,18.5,40.3,-0.00024978727266328134,0.023081361800346218,10.40345784665202,9.1,5.902623787246611,41.5,0.7,6.0,13.6,-7.155240392979225e-05,0.023129409043598937,1.4731851337269888,1.0,1.5532972648020082,25.1,0.0,0.8,1.5,3.94464206454753e-05,0.0,0.304036802760207,0.29,0.14173536649057283,1.9,0.06,0.2,0.38,-4.275734115902207e-06,0.0,12.41060483404649,10.7,7.453894502623528,106.4,1.3,7.2,15.7,-0.00014392203435317462,0.8789175436567596,0.9022030925944523,-0.023046746065755318,0.5667283426155753,0.2608513522480846,0.7243993133793719,0.5341811368898463,-0.02680649225298326,0.5306457710060123,0.2306034374825178,0.6340685080636342,0.49677106793609227,-0.43873714839282196,-0.17636845267390802,-0.2065015907505252,-0.45205910657417164,0.18366078773470382,0.8462867868226539,0.9646700531369675,0.16947801698066592,0.1657565242019545,0.8379658368784957,彰化
17.273826127382613,15.0,10.184735216604498,79.0,0.0,10.0,23.0,-0.0005295052439535144,71.0832171083217,32.69458866966655,29.0,18.390914879651973,267.0,2.0,20.0,42.0,-0.0015417380470962657,72.7125879773855,30.576651677620198,29.4,17.90019791604263,100.1,0.4,16.8,42.0,-0.00045370798302355565,0.011530035743110803,11.152170303605313,9.3,7.046374411610966,56.8,0.8,6.2,14.1,-0.0001498742837044418,0.4388045540796964,1.199650186567164,1.1,0.7630013453485495,18.0,0.0,0.8,1.4,4.309088560909366e-05,0.0,0.27845534069981587,0.25,0.1351585210559007,1.53,0.06,0.19,0.33,-3.6822955476516677e-06,0.0,13.875545540796965,11.3,9.900347740155874,113.5,1.8,7.7,16.8,-4.1652076905806864e-05,2.5735294117647056,0.8968866434532737,-0.1018193741440462,0.6497619587286707,0.43979180680392854,0.7332768893523396,0.5796498868490008,-0.11300969021523152,0.6202769956241385,0.42226843327055213,0.673983349323715,0.5589934847053756,-0.586989790319813,-0.10549972094004686,-0.3906165363171557,-0.57670122222186,0.4432749383306977,0.8606628699432642,0.9200043067296034,0.4198626095601947,0.3747455261458233,0.8969987291176624,西屯
13.962446722727796,12.0,9.474450195161118,154.0,0.0,8.0,18.0,-0.0009025001099125825,57.48185692892523,26.241996995261758,23.0,16.78092937521443,194.0,0.0,15.0,34.0,-0.0014066409085059077,58.118571593666935,29.697659997659997,30.6,16.25251039711985,100.5,0.0,17.2,39.8,-0.0002400386657030299,0.011700011700011701,12.45792273883877,10.7,7.432331887484996,62.5,1.2,7.4,15.4,-0.00023942436936574263,1.040943789035392,1.3845487533653285,1.1,1.113547639520198,19.4,0.0,0.7,1.7,-6.291871330989104e-06,0.0,0.34780546902042225,0.31,0.16625982188845856,1.62,0.08,0.24,0.41,-5.809368306064131e-06,0.0,14.711080268332175,12.4,9.596984635821602,93.9,1.7,8.7,17.6,-0.0002659519738014252,2.8915105250983113,0.8463276466410912,-0.1320316017259014,0.6559827598411978,0.26001886565893784,0.7283543300341929,0.63751441909271,-0.032513482269072434,0.5416818159197495,0.22587492131577008,0.6084835443884014,0.5250353365211279,-0.5725324010959453,-0.1948799271033991,-0.38148666702065176,-0.5728138716750912,0.36409022601051094,0.8885399614011176,0.9738347502053389,0.34161550931917917,0.33157823789223917,0.9063651086075958,桃園
15.320110382890652,14.0,8.963847339348748,74.0,0.0,9.0,20.0,-0.000614369331007418,66.0802575600782,26.625029076529426,23.0,16.042000778917217,271.0,0.0,16.0,34.0,-0.0008599863631487806,59.95580367527332,31.296937848708964,28.5,17.72504621242342,107.4,0.0,17.9,41.2,-0.00013658167696271238,0.10380173867912289,7.032253211433861,6.0,4.2800958069745985,39.8,0.0,4.0,9.1,-0.00014110525735595126,0.0,1.7420797350053236,1.6,0.8083968884105369,7.3,0.0,1.2,2.1,9.622480480578315e-05,0.0,0.27367572547213265,0.26,0.09550447333433602,1.18,0.09,0.21,0.33,-4.485083005785443e-06,0.0,8.495475060756856,7.3,5.083812909085182,51.2,0.8,5.0,10.6,-0.00015250566310068769,0.10415461173475292,0.8527977457595678,0.18570565731112884,0.559465719823575,0.17297362126401072,0.6970834469762107,0.5542986315820914,0.06069843787523468,0.5220420788270687,0.2018482238035057,0.5832428334207226,0.516078134231109,-0.3042878398945275,0.06911250846068856,0.008186709435015422,-0.3263205003808569,0.17238647183735195,0.7364608794636742,0.99665491677043,0.1407695862504163,0.1659814284782603,0.7268621892386244,豐原
13.231633835457705,11.0,7.965539656038745,69.0,0.0,8.0,17.0,-0.0004763821075434727,57.11471610660487,28.71627906976744,25.0,18.622185196789214,274.0,0.0,17.0,36.0,-0.001356218470800494,65.05813953488372,29.802052346362274,30.7,17.541779954822825,109.7,0.0,15.7,41.3,-0.0005531768199683555,0.04612014297244321,12.1517702687118,10.1,8.041729407918744,66.3,1.1,6.6,15.3,-0.0003020807567000679,1.1186714335140122,0.8276505122596983,0.7,0.6581749297617058,9.1,0.0,0.4,1.0,-1.5415072185198784e-05,0.0,0.3222166073274377,0.27,0.18643741272601178,1.58,0.05,0.2,0.38,-4.1403361816066575e-06,0.0,14.853984546188446,11.7,11.645594579977463,115.2,1.8,7.8,17.8,-0.00031982685174654287,4.128704878330066,0.815291125223035,-0.0003424218050069041,0.4819292561379348,0.24456536507745608,0.5504582612992199,0.4539805831213438,0.030135313169026085,0.3691202632572631,0.2852624459210878,0.42169374314666835,0.3500158076146443,-0.6016828714439625,-0.20359117027725035,-0.48912306747883655,-0.584618661206615,0.255975479564297,0.8910778129198343,0.9349415070413641,0.18478599440849278,0.20593935766286525,0.9398622486254948,新莊
13.421728566469977,12.0,9.070614000182152,76.0,0.0,7.0,18.0,-0.001286486653215043,56.62385745690154,26.13862891904539,22.0,17.693540789587058,279.0,0.0,15.0,34.0,-0.00198579459073603,56.21197941038839,30.618346493265214,29.9,16.366096095272148,100.1,0.0,18.3,41.2,-0.0004372584815875347,0.011611704598235021,8.095148688046647,7.0,4.860769812520615,47.7,0.1,4.7,10.4,-6.787161803027786e-05,0.04664723032069971,1.7348149872003724,1.5,0.79513321809361,11.2,0.0,1.2,2.0,9.163615952384766e-06,0.0,0.24472608340147178,0.23,0.10366983178522966,1.22,0.04,0.17,0.3,-4.066065315950835e-06,0.0,10.078705539358602,8.7,6.055281882309516,79.8,0.1,6.0,12.5,-3.14155981655091e-05,0.37317784256559766,0.8269537532392335,0.10385985731582946,0.47108177984404154,0.13421988420271252,0.6698409742710709,0.45392677896940853,0.09043558761818057,0.32915034114839237,0.10060126063481258,0.4709330159362433,0.30911929439413505,-0.48588651887301193,0.17844040517177678,-0.12040940409614,-0.5109475209592697,0.1731022225610605,0.7457706631614878,0.9836968283560246,0.13602607271696526,0.14761717051505588,0.7372709952412202,苗栗
15.208232445520581,13.0,9.660607118487613,82.0,0.0,8.0,20.0,-0.0009164593694944201,62.723394442522775,29.588900671615413,25.0,17.70107986540564,169.0,0.0,17.0,38.0,-0.0015953112645897961,66.0068339813833,20.74068909887071,19.6,12.828192273958656,85.2,0.0,10.4,29.1,-0.00010448902706048616,0.0,20.8619685767098,20.2,9.963126680898977,71.8,1.4,13.4,27.2,-0.0002794245894639342,3.535120147874307,1.4210768685795252,1.3,0.6246508321108224,5.4,0.0,1.0,1.8,7.301854458530426e-05,0.0,0.691263691917445,0.61,0.3720226747261339,3.14,0.09,0.44,0.85,2.256820212166793e-06,0.0,36.91633548983364,35.3,20.704687932336288,165.7,2.6,22.0,48.2,-0.0003556462529030208,39.452402957486136,0.9007441826672237,-0.061047965585642044,0.6865350378465763,0.17540789490824102,0.6480783487462466,0.6152359456133889,0.037468658306651775,0.5883818424280866,0.10813742491212562,0.5446019100550836,0.510903512810922,-0.4589458704566787,-0.11509060669742034,-0.5064274373750611,-0.5641158392243396,0.28943481568521057,0.8867716452962732,0.9368405127228486,0.26905616211688016,0.2559053897394021,0.9162925673075419,中壢
12.941013505713956,11.0,8.86345726809378,88.0,0.0,7.0,18.0,-0.000620847669566205,53.24945169110008,25.23207286142495,22.0,15.719218330342883,225.0,0.0,15.0,32.0,-0.001848751050998366,54.86511413419415,30.75543490816681,31.3,16.587465839079808,107.8,0.0,18.1,41.3,-0.00032989503638943354,0.057756728658888756,10.819935357266537,9.4,6.0106364911671974,56.9,1.9,6.8,13.1,-0.00016708551331257154,0.45019046519681405,0.9137296283268849,0.8,0.6018362354687867,7.9,0.0,0.5,1.2,3.170825505154988e-05,0.0,0.3018780207134637,0.28,0.13321454990474607,1.81,0.08,0.22,0.35,-4.994399533538582e-06,0.0,12.497760591019277,10.6,7.706872168923472,89.0,2.3,7.8,14.7,-0.00017142445732900473,1.5237215745122938,0.7843545151513345,0.033313933173407875,0.5368650506232882,0.21922465859016102,0.6678401909933758,0.5282125517003199,0.0847392110814862,0.40671466478670526,0.2262007060363478,0.5159389994210896,0.39008215164500193,-0.53785014900247,0.2291821561945845,-0.22359165777870893,-0.5359918518829153,0.09039762482932245,0.8202386056276023,0.9733637431362974,0.16173278133228258,0.07680274983770076,0.8514281825998924,新竹
18.238260467268102,15.0,12.818584990046828,91.0,0.0,9.0,24.0,-0.0009833701561239353,69.03770529724729,45.5789716926632,39.0,36.035789663422705,1072.0,0.0,24.0,58.0,-0.0028648838262774145,82.17215482380126,31.840648436598595,31.1,17.26494546575787,99.4,0.4,18.9,42.6,-0.00046760104335648485,0.0,6.87864613938183,6.3,4.144670076887685,34.9,0.0,3.8,9.1,-6.589389634117502e-05,0.0,1.8461762988908348,1.7,0.9572879131798432,8.1,0.0,1.2,2.3,-4.279620409073138e-05,0.0,0.26779226774379683,0.25,0.12134468086083773,0.97,0.01,0.18,0.33,-7.283323721263811e-06,0.0,7.906134680926079,7.0,4.899774180708358,59.8,0.2,4.4,10.2,-5.993173059851707e-05,0.08226583617346339,0.8661897532893221,0.011233348009391192,0.5626997237925293,0.304649511049852,0.6704690123070245,0.5496144169932884,0.06690108818107435,0.5043608118028816,0.272834871027347,0.6118261323171066,0.49058024204223544,-0.35238383935749307,0.2079494775763648,0.09041256540311127,-0.3715450120225352,0.4387524208400416,0.721758197511237,0.9914874992212147,0.47999636038501914,0.4202243155886513,0.6999528117178303,二林
18.66141456582633,18.0,12.47369203391629,109.0,0.0,9.0,26.0,-0.000552301963606725,69.92296918767506,35.01520467836257,31.5,20.341603217281936,270.0,0.0,20.0,45.0,-0.0018214885405015541,74.92397660818713,28.451641894227446,23.2,21.267494615927554,112.0,0.0,11.5,40.5,-0.0002889091524808921,0.10369858278603526,7.902713088029809,7.0,4.893757213318557,44.2,0.3,4.0,10.8,-0.00032940618991614046,0.011644154634373545,1.0274702415347279,0.9,0.5382020313131091,7.5,0.0,0.7,1.3,-2.3392287702851684e-05,0.0,0.2478347906120571,0.24,0.11274809059462348,1.04,0.05,0.15,0.32,-8.104424414432225e-06,0.0,9.144131346064276,8.1,5.309792850832501,52.4,0.3,5.0,12.3,-0.0003784971788022596,0.08150908244061482,0.83068799426806,0.17385038858575821,0.5827899497009404,0.38292132545940877,0.752176043996869,0.5724434090920083,0.1521592814842692,0.4797835558385546,0.3190067891524173,0.5770545765702604,0.46779132671954443,-0.05415920449712034,0.2278857888349759,0.1504299105025115,-0.08990317128401687,0.452894027987351,0.8493725820076165,0.9921934071376688,0.4582137000355379,0.4388019729114985,0.8430524912635271,竹山
19.475734951003265,18.0,11.936143838477685,124.0,0.0,10.0,27.0,-0.001108691964471309,72.92347176854877,38.61616161616162,36.0,22.16993420946159,188.0,0.0,21.0,53.0,-0.0021516957918351334,75.80401718332753,32.35253281142067,26.9,20.68092949929686,136.3,0.0,16.7,45.0,-0.0003991973580166056,0.39143449228643795,9.520503889469406,8.8,4.90677137424055,57.6,0.0,6.0,12.0,-0.000137839949956261,0.11610356437942645,1.352512998266898,1.1,0.9762756452182428,14.0,0.0,0.8,1.6,-2.152569454779439e-05,0.0,0.3166835734870317,0.3,0.13177978592336645,1.61,0.07,0.22,0.39,-3.4257789729302965e-06,0.0,10.71512829443864,9.8,5.224713518080763,70.9,0.3,7.1,13.3,-0.00012976808827090913,0.1277139208173691,0.9150338705161233,0.23528625311582482,0.6978535066299117,0.43053680809404204,0.7617344448933783,0.6923010132848513,0.278948400058937,0.6910454929998314,0.44251636994203847,0.7096626647719992,0.6851274702104325,-0.07114787086520709,0.2968433460550794,0.22264225663555165,-0.08808893187853953,0.36862622238800613,0.7562711231873475,0.9970470559198532,0.4098055127114666,0.36022225187477036,0.7520355181022816,屏東
11.190657879523645,9.0,8.07192924628574,83.0,0.0,6.0,15.0,-0.0006152546846991162,43.4616718695803,22.747395230377403,20.0,15.870871384648893,172.0,0.0,12.0,29.0,-0.0009296819896577373,47.36050011576754,32.70089358245329,33.2,15.10328628092665,94.5,0.3,21.4,42.2,-0.00046123819256697527,0.0,10.486552964381017,8.6,7.246366249241248,62.3,0.9,5.4,13.5,-9.509519125688581e-05,0.7309432648799165,0.9390037157454714,0.8,0.8899115021392295,37.6,0.0,0.5,1.2,-1.3272460693050246e-05,0.0,0.25703733672407814,0.23,0.12097414437203928,1.41,0.06,0.18,0.31,-3.995189973616262e-06,0.0,13.103086204896162,10.5,10.106642058720194,133.8,1.4,6.6,16.4,-0.00011742022680331887,2.4364775495997213,0.8141815125343969,0.11555653238033514,0.5071584062708141,0.35749044941537306,0.636455554282514,0.48145367307926124,0.16709108952053897,0.3896054670538191,0.2769549398890211,0.4679844517756804,0.35617140722542956,-0.48103344993026304,-0.04434601371220635,-0.15832677444916027,-0.4649891194764435,0.41219241845507115,0.8511063559108862,0.9682225821043131,0.29092758573821664,0.3388782532704412,0.8555670057546162,林口
16.631554141628374,15.0,10.322722689457677,92.0,0.0,10.0,22.0,-0.0015183002019145025,70.71992459055025,36.20006918819188,31.0,22.50865423960015,303.0,0.0,20.0,47.0,-0.00174550925380943,74.82702952029521,30.84350747133094,29.7,15.683110158272415,103.7,0.0,19.5,40.7,-0.0007579981524329433,0.011583458820803891,8.7949460994552,7.7,5.577823537089697,40.2,0.0,4.8,11.4,-0.0001025465044805776,0.01159151501101194,1.8208526413345691,1.5,1.148027205621476,14.8,0.0,1.0,2.3,-5.387238805944337e-05,0.0,0.2721256761422488,0.24,0.14010503547206288,1.26,0.01,0.17,0.34,-1.0282468190028824e-05,0.0,10.3958966036861,9.0,6.650305618869101,77.7,0.7,5.9,13.0,-0.00013941713072942845,0.3593369653413701,0.8374641862498474,0.046074973390237854,0.5253806201770894,0.2676096602284427,0.6301789076449531,0.5205567640302119,0.09531649626982971,0.46499197729001973,0.31166324553342606,0.5225457015366431,0.456348979046148,-0.36266497196093056,0.07720090175242904,-0.03906818906235341,-0.37073252502167703,0.524471964920116,0.7222448369372798,0.9947241482949523,0.3949194668913149,0.510673586575199,0.7144544629567806,線西
18.8112708453134,16.0,13.81712189429772,165.0,0.0,10.0,24.0,-0.0008261550567943415,71.84588844163312,34.85479231388793,29.0,23.880977515380476,233.0,0.0,18.0,45.0,-0.0010868620498221857,69.99194569094466,37.77543735224586,36.4,18.279700647931577,120.8,0.0,24.4,50.0,0.00024236700826316717,0.13002364066193853,8.875216779939066,7.3,6.070946346469425,54.7,0.8,5.3,10.2,-6.622714942494258e-05,0.4921490508554019,1.5914485165794066,1.4,1.1370446094922586,17.4,0.0,0.9,1.9,1.9541675419669614e-05,0.0,0.2710928265152393,0.27,0.12053334687786395,0.92,0.06,0.19,0.34,-1.2449175567725642e-06,0.0,10.264037965783926,8.2,7.891081203222965,93.9,1.2,6.1,11.4,-9.590102419045425e-05,1.3592688071244434,0.8774812836631857,0.328182417014644,0.3775126803039542,0.45841476713196416,0.6656571010259738,0.3514618570040933,0.3311172388591836,0.384161377481008,0.48325648771080953,0.5843442131330383,0.35584703315467453,-0.3711695924281535,0.2680694918899379,0.3323601764862401,-0.3679391450547426,0.2580931899145269,0.38544350366419794,0.9765742629976027,0.3752792370603546,0.23017558812923636,0.3716351369591154,金門
12.775713954028326,11.0,8.331565569201043,67.0,0.0,7.0,17.0,-0.0006183964857669303,53.74970977478524,23.300926468863608,21.0,14.667607677649608,226.0,0.0,13.0,30.0,-0.0009812564186619892,51.24897384777765,32.64031996290286,31.2,16.34241102010421,109.6,0.6,20.8,42.2,-0.00017196957458850105,0.011592858798979828,5.3436422915696316,4.6,3.104027066935507,25.7,0.2,3.2,6.8,-6.60631642216564e-05,0.0,1.088020161762982,1.0,0.4733447874820026,6.0,0.0,0.8,1.3,-4.281637118027578e-06,0.0,0.23568147546688317,0.23,0.08291040589452399,0.94,0.07,0.18,0.28,-4.4385285282469695e-06,0.0,6.389997671169073,5.6,3.555535690652356,35.7,0.4,4.0,7.9,-9.432418867461353e-05,0.0,0.8261792221363754,0.22779073022360283,0.2927894500864304,0.16741131790558694,0.6854806305782492,0.2600351538115815,0.12854765187259534,0.2261354731496789,0.1168453342849883,0.5162423808506749,0.20241825639774363,-0.3658283248002545,0.16062136266224272,0.10422366416983041,-0.39662146800265674,0.1194760150765547,0.5655752598744631,0.985079024029433,0.07392211718741966,0.10692298909085171,0.5519906062002583,三義
11.364519486527119,10.0,7.799640852638364,95.0,0.0,6.0,15.0,-0.0008160868729165188,46.744535677113454,33.20731425934471,25.0,24.985506773260653,264.0,0.0,16.0,44.0,-0.0011785283573568718,62.009690816797416,34.8910478834143,36.0,16.729420006880623,104.0,1.2,20.8,46.7,-0.0006642406910722928,0.011566042100393246,4.057734001631892,3.3,2.8669317445330185,32.9,0.0,2.1,5.3,-5.756311815795286e-05,0.0,0.8887556588767894,0.8,0.7005003058240996,13.5,0.0,0.4,1.2,9.521645545115928e-05,0.0,0.21043553604436233,0.2,0.07697856756741542,0.75,0.07,0.16,0.25,-2.995696439586401e-06,0.0,5.247488052220538,4.3,3.49620201518861,37.3,0.1,2.9,6.6,-4.835457296151297e-05,0.0,0.6380932678977717,0.3033709260072223,0.18186683109337307,-0.0002812864875633105,0.5189429236311603,0.16309435533157726,0.5945247713913564,-0.13885082899358756,0.0764799072860282,0.2999567427872904,-0.1606820658376594,-0.360261970396254,0.10171834875250459,0.24454533001901035,-0.4018048977312491,0.1489948218973157,0.42149103909314584,0.9907271687772075,0.032207751059123386,0.13655537111234672,0.38577997775435163,萬里
16.495750378390966,14.0,11.977367832275972,140.0,0.0,8.0,22.0,-0.0009296232596206334,65.6653859587845,36.995227563729486,33.0,23.31537386864364,343.0,0.0,21.0,46.0,-0.0013473530335043249,77.33674775928297,34.91535062216536,33.9,17.14388760353949,93.7,1.3,21.9,46.4,-0.000952571300854025,0.0,6.129669411624299,5.4,3.7106396246079316,29.5,0.0,3.4,7.9,0.00015540055053305036,0.0,1.675512835540968,1.4,0.8474149726656027,14.3,0.0,1.2,1.8,4.0888613101916816e-05,0.0,0.24236651053864167,0.22,0.10494208998691287,0.88,0.0,0.17,0.29,1.729930270639603e-07,0.0,7.508771929824562,6.5,4.583980851479515,57.5,0.6,4.4,9.3,0.00018047534242247978,0.13128058240840196,0.8703393342199823,0.26206514110877077,0.40929917383173103,0.11653120261758879,0.6339788260877053,0.3767941847319518,0.27652925760336683,0.36829014968719853,0.16639017424584546,0.5456719974860877,0.3394280086552433,-0.3036271715198004,-0.04334364966090723,0.13501252490487264,-0.3351243578861023,0.6026997537445714,0.720874387205037,0.98047667084157,0.5038557167014078,0.5755277272352827,0.6766213651447041,麥寮
19.47945205479452,17.0,12.438424751160962,97.0,0.0,10.0,27.0,-0.0013215933131440246,72.83296880395994,38.4807156133829,36.0,22.98574392208062,211.0,0.0,20.0,53.0,-0.0027936125181428867,74.7792750929368,30.071230181691934,25.5,19.242679004479413,106.6,0.0,15.3,42.2,9.003656884752338e-05,0.04629093854877908,12.96560259079343,11.4,7.451621826664154,55.9,1.3,7.4,17.0,-0.00016686611717282756,0.6014341892204488,1.5374664957464168,1.4,1.015267700015142,17.8,0.0,0.9,2.0,9.887112081668066e-06,0.0,0.32279303184125524,0.31,0.14232846795167045,1.37,0.08,0.22,0.41,-3.743425857618589e-06,0.0,15.113671061762664,12.9,9.778648983982556,112.9,1.4,8.6,19.0,-0.00017230092752491913,2.787416146194772,0.9028060673097646,0.02217141280771156,0.6777806020374261,0.26294431933687457,0.7690518417478901,0.6690124393910605,0.09172426270422053,0.6249205508064635,0.28124605047762574,0.6969962604367492,0.6138031902832751,-0.3257415661522554,0.05011069896487452,-0.07380107264262915,-0.33881429969168986,0.31388544530834694,0.8305660185772539,0.9967413412864934,0.34359654782145976,0.30640891670648157,0.8209579040523999,仁武
20.244521337946942,18.0,12.120709753655477,107.0,0.0,11.0,27.0,-0.001254855889802755,76.4475201845444,38.38208198986642,36.0,22.27970680517276,227.0,0.0,21.0,52.0,-0.0019095529413188982,76.1054813450023,27.35916580251181,22.8,18.52542044636628,99.6,0.0,12.7,39.7,-0.00018762439333050356,0.0,16.93554651162791,15.1,8.823818343916727,70.5,1.6,10.4,21.8,-0.00011109707691686698,1.8488372093023255,2.2190317002881845,1.6,2.834953259682754,59.1,0.0,1.1,2.3,5.855151918469149e-05,0.046109510086455335,0.33619371185074276,0.31,0.1943550069571604,2.1,0.02,0.2,0.43,-3.377369241648376e-06,0.0,20.185534883720926,17.4,11.58680846028339,138.2,2.5,12.3,24.9,-0.00016244429326509117,5.837209302325581,0.8498809522987014,0.07108847812065193,0.5899244674580286,-0.08373902411264747,0.5344589960119036,0.5359998026558807,0.07781213093150896,0.6039967049049086,-0.02037401967946783,0.5647450218078718,0.5489267647201903,-0.33293986748031495,-0.14102656894561158,-0.18559822806329584,-0.3997838182675594,0.0324344992552196,0.5903103157965891,0.9749255995942332,0.3590971940533279,0.12234855553852908,0.6238231856938761,小港
12.17097902097902,10.0,8.08121778321187,56.0,0.0,6.0,16.0,-0.00047054160203731664,49.871794871794876,22.67383306507243,21.0,14.340854687782306,230.0,0.0,13.0,29.0,-0.0014078858631770448,50.51736031271557,29.397696117958755,28.5,17.716917455998143,120.4,0.0,14.7,41.0,-0.0001117271099058279,0.09215528164957953,6.7867231966546635,5.6,4.538356970205066,38.8,0.5,3.7,8.4,-0.00037948664436668567,0.0,0.6972682023382337,0.6,0.4653020767615772,5.8,0.0,0.4,0.9,-1.8970115426777135e-05,0.0,0.24006560773480665,0.22,0.09492585953239503,0.88,0.06,0.17,0.29,-7.910362876504617e-06,0.0,8.074282727378325,6.7,5.416649240942301,54.3,0.8,4.6,9.8,-0.000436189781699878,0.34847252874898366,0.7562047572030944,0.01600260954710143,0.5379668711515916,0.2782429399442887,0.6969510282750079,0.5046703868322974,-0.08589956975851494,0.40526941686895634,0.21806453961034752,0.46857773018786864,0.3911752834669778,-0.317751005596315,-0.08123578880369943,-0.007701044121067554,-0.3303218952397016,0.31824415286908814,0.7722799543480755,0.9519877366535644,0.27450010006917996,0.2873298792704483,0.779098916903769,竹東
18.30203045685279,16.0,12.627701565338535,95.0,0.0,8.0,26.0,-0.0009649119183017204,67.59344716197508,40.47728586290602,37.0,24.882240946876987,254.0,0.0,21.0,55.0,-0.002349370343830283,75.67911224135938,28.97806592899954,24.3,18.368931665287654,98.5,0.0,14.7,41.6,-8.003085084828136e-05,0.0,14.460822836010632,13.0,7.383833739097177,57.0,1.6,9.1,18.3,6.427096500701625e-05,0.6702877614700103,1.971811224489796,1.7,1.401393973249461,42.5,0.0,1.2,2.4,3.923776941129782e-05,0.011595547309833025,0.3891234738539507,0.36,0.20171267082315167,2.07,0.04,0.25,0.49,-2.1517310927323004e-06,0.0,17.453923494741705,15.3,9.429477052203127,123.1,1.7,10.9,21.6,0.00016218451871424496,2.8313879579336643,0.9134125115329113,0.07616711886547806,0.5607413519462292,0.16321852286002916,0.6593625580648266,0.5171771643150783,0.12986046867354906,0.552307620482642,0.16012978424940588,0.6275716912964773,0.5094502526467877,-0.3393052388280613,-0.056657889125133074,-0.1573215047178758,-0.39634424786446115,0.3556030356092774,0.8136209607082415,0.9881445916482449,0.23914807061382398,0.3581351991183308,0.8067433925879213,前鎮
12.123817216708977,11.0,8.10271972505647,70.0,0.0,7.0,16.0,-0.0004865502298461808,50.15001153934918,26.14866760168303,23.0,17.13946346599374,221.0,0.0,15.0,33.0,-0.0012109922333982958,58.73071528751753,25.221620996647008,24.5,15.12681582251823,102.9,0.0,13.1,35.4,-0.0004454818357776395,0.011562030292519366,17.28741852886406,15.7,9.380321146269072,75.7,1.2,10.3,22.5,-0.00030923132741123775,2.409217877094972,0.8896491837443558,0.8,0.5559590800334282,7.2,0.0,0.5,1.1,-2.7270807466126086e-05,0.0,0.4298166512915129,0.38,0.20863790394505716,1.95,0.08,0.29,0.52,-1.1488495702779897e-05,0.0,22.910032588454378,20.0,14.61004951827037,140.7,2.1,13.1,28.9,-0.00030422257486229225,10.090782122905027,0.8369259554903149,0.15312835390302135,0.42481044182948047,0.34747305000759976,0.4693463687137342,0.36365520323381106,0.16572721791430473,0.3088876371312119,0.2948355797552915,0.3237330997034115,0.24437200938151452,-0.5168146078138468,-0.004684702535679462,-0.38490228847306485,-0.5323573014896652,0.36890565603668446,0.8842660435298245,0.931314476314377,0.29060225332685236,0.30356872397540563,0.9392482209809925,中山
17.21969174143087,15.0,12.247103049304508,85.0,0.0,8.0,24.0,-0.0013064518281588212,65.86151368760065,38.7327506899724,34.0,24.766366710371564,255.0,0.0,20.0,53.0,-0.0017551382383807505,74.58601655933764,30.839584535487592,27.0,18.144119086232514,120.5,0.0,17.6,41.7,-0.00048490344201448053,0.023081361800346218,8.919276133209992,8.0,4.634651799445545,34.1,0.8,5.4,11.6,-7.197451885868659e-05,0.0,1.3931865828092245,1.3,0.8216108707342716,18.4,0.0,0.8,1.9,1.08822295226335e-05,0.0,0.274562514390974,0.26,0.1079331324551892,0.91,0.07,0.2,0.34,-3.661894720518293e-06,0.0,10.452809898242368,9.4,5.289781350780905,60.8,1.2,6.7,13.1,-6.060932396303584e-05,0.09250693802035154,0.8612171055746194,0.28016377712758106,0.5501524833841298,0.3397542110929919,0.6859540804521151,0.5419065981831028,0.3250538120339507,0.5108044106523759,0.39657394720744316,0.6577956951169648,0.5002255559098799,-0.14590742839537074,0.19770145364160946,0.1645414221253873,-0.17380914072336873,0.5787896156591893,0.7501253016404786,0.9945131393136809,0.5873567535295838,0.5636520818569989,0.7382416383407331,新營
18.914901007294198,17.0,12.412698272798194,85.0,0.0,9.0,26.0,-0.0015420537418801273,70.56848442746325,38.13167916907098,36.0,22.26292230692832,189.0,0.0,21.0,52.0,-0.0018503307760041588,75.1529140219273,26.804680654830527,22.9,17.364351606256992,106.0,0.0,13.425,37.2,0.00017897609941130345,0.03458611943739912,14.985124062319677,13.3,7.990505563986885,65.9,0.8,8.9,19.6,-0.0004088005107254094,0.6578188113098673,1.8456321839080463,1.6,1.241294468152237,28.0,0.0,1.1,2.3,-2.5727761033482787e-05,0.0,0.488671650373778,0.46,0.2128675375996802,2.61,0.09,0.34,0.61,-8.546314956186224e-06,0.0,17.892383150605887,15.7,9.909165861238984,102.9,1.2,10.8,22.8,-0.0005294719719881897,3.566070398153491,0.9066491803338509,0.0026459080589226686,0.7547040576786723,0.2488994989656614,0.7925463731417703,0.744176197121573,0.05495124341281801,0.7258058031985821,0.2806929689246408,0.7480997997734581,0.7135288105400897,-0.3375772173205309,-0.012674346264246027,-0.09520475715975957,-0.3612034462566815,0.3980776824024728,0.8588681818060633,0.997412937307891,0.32461353891204836,0.3871995547654013,0.8493915389072094,鳳山
6.195858398889403,5.0,4.657190950419288,46.0,0.0,3.0,9.0,-0.00015736219895034071,15.710319296621932,16.69697322467986,14.0,11.450354556806627,151.0,0.0,9.0,21.0,3.744029186532342e-05,28.102444703143192,28.811089246440556,29.2,13.229650871770307,82.8,0.0,18.45,38.6,-0.0009485714248341584,0.0,3.808775580992022,3.4,1.991489115555426,21.5,0.0,2.4,4.8,-5.969908895747899e-06,0.0,0.5879667564087557,0.6,0.2866581379341506,3.5,0.0,0.4,0.7,-1.8130529133074258e-05,0.0,0.1967756847336184,0.19,0.07708670482362626,0.59,0.01,0.14,0.24,-4.412173471744386e-06,0.0,5.1342582957567355,4.8,2.526299161100656,29.9,0.2,3.3,6.5,2.8218758662979356e-05,0.0,0.7400171243490006,0.2702420942843141,0.11617537135192427,0.1523329323309557,0.3452406897071249,0.08186877660901894,0.23025930282702348,0.04235496584889832,0.13433163743395538,0.20458255140534937,0.02942671139349214,-0.38286252595675313,0.2679179126759598,0.5313014728750752,-0.42749075154206573,-0.029311116411878602,0.2650231951768045,0.9536743059846274,0.18265507011078141,-0.05624815148718552,0.2336757600526351,臺東
10.070596458527493,9.0,6.229020880955814,128.0,0.0,6.0,13.0,-0.0002874901041728344,39.177539608574094,18.961569910057236,17.0,13.05516655312188,161.0,0.0,11.0,24.0,-0.0009644857897496251,36.95829926410466,29.45692023548424,29.8,12.93849542316621,77.7,1.1,19.2,38.5,-0.0006591985157281444,0.0,4.433639321403672,4.0,2.3986563608594933,26.2,0.4,2.8,5.6,-7.157089411234148e-05,0.0,0.9998686253433657,0.9,0.5113999416630397,8.7,0.0,0.7,1.2,2.695394239782017e-05,0.0,0.2015290590405904,0.19,0.08794845849214253,0.93,0.01,0.14,0.25,-4.597881135648231e-06,0.0,5.414826864977923,4.9,2.808290655996192,36.7,0.9,3.5,6.7,-5.7744362974282787e-05,0.0,0.8206709256144699,0.18857043853098213,0.26298599320684435,0.06747800284572805,0.33542051916033555,0.2368341030170745,0.06408892141265629,0.25180689601723155,0.06519040312531739,0.2347226200055301,0.22779254875676513,-0.3807526938125825,-0.013072455959775211,0.28234714257803334,-0.38549395367143885,0.15610720535766176,0.503698070554515,0.9780662909089518,0.010756303944486604,0.1617634371970031,0.5010702629297009,宜蘭
4.8454567423876265,4.0,4.724085258944213,38.0,0.0,1.0,7.0,-0.00010779472214770675,12.034799420009666,12.41354534746761,10.0,9.774977322685483,155.0,0.0,6.0,16.0,0.0005284513572658923,15.064782096584217,35.91864766167982,37.2,14.163632349705772,99.5,5.5,24.3,46.3,-0.001013102167906788,0.0,0.7741265344664777,0.6,0.6831808948404214,8.9,0.0,0.4,1.0,-6.463876634446824e-07,0.0,0.5537077033837293,0.5,0.39809668845392887,3.1,0.0,0.2,0.8,-2.2596360573014245e-06,0.0,0.1445826957033549,0.14,0.06065591611421677,0.49,0.06,0.1,0.18,-2.999438021035973e-06,0.0,1.3469900849858356,1.2,0.7231716589089967,9.9,0.1,0.9,1.6,-5.249386592633865e-06,0.0,0.7077232283212951,0.4288423756634343,0.2478141481535317,0.20591937224069828,0.38865588259111267,0.22635745187637477,0.307770508718123,0.18138426741873367,0.11261761494111339,0.25010043841877866,0.17183924189685454,0.06524842812279256,0.492141408009669,0.7017517857450042,0.018098551068510833,0.08288676052974854,0.3524077289072834,0.937859820063375,0.3763327970989444,0.06086745604195071,0.32836647086229603,恆春
19.380521739130433,17.0,12.569985542528778,163.0,0.0,10.0,26.0,-0.0012445210813944367,73.5768115942029,42.30485974835507,38.0,27.738987809513944,328.0,0.0,22.0,56.0,-0.00201880089780792,78.31005425372273,32.926050127639826,30.6,17.452356728139907,103.1,1.3,20.3,43.1,-0.0005077020646257162,0.011603620329542819,6.911852286049238,6.2,4.286479626566076,33.0,0.0,3.8,9.2,0.00014083191786751223,0.0,1.7024876208441406,1.5,1.1025253166911164,44.5,0.0,1.2,2.1,2.89511731682152e-05,0.01178967224711153,0.2530771006463527,0.24,0.1095996894692679,1.15,0.05,0.18,0.31,-5.377922839916037e-06,0.0,8.560433763188746,7.5,5.243285846747305,59.7,0.2,5.0,10.9,0.00014411955769646456,0.10550996483001172,0.8545549691413356,0.11311168617233021,0.47245362330562435,0.12443360527849338,0.6720947490043575,0.4327780230867904,0.15643905626938448,0.4220345762464054,0.09606560053044487,0.5984241175083705,0.3875545694416015,-0.44943300160463623,-0.06522554974153033,0.03669989125649793,-0.4981286402874512,0.3104631807354443,0.6776272635895263,0.9820404991425429,0.3763813660274849,0.3122723041143444,0.6438805902582079,新港
12.492036011080332,11.0,7.637531333268792,69.0,0.0,7.0,16.0,-0.0004265283261452706,53.566481994459835,22.252508558611733,20.0,15.897153832173043,190.0,0.0,11.0,29.0,-0.0012800153255858988,47.19631684570889,31.579417565842906,33.1,16.68417359444419,102.1,0.0,17.7,42.9,-0.0005075935761590639,0.011602274045712959,10.322715131808152,8.2,7.216619557016085,59.5,0.6,5.4,12.9,-0.00017786337313604675,0.4645221228661015,0.8668364394027086,0.8,0.5499780209952306,9.0,0.0,0.5,1.1,-1.1847339338379651e-05,0.0,0.2719933017669477,0.24,0.13827630568747024,1.32,0.05,0.18,0.32,-6.7089793911557795e-06,0.0,12.369260248519335,9.5,9.591787711257291,89.6,1.4,6.3,15.0,-0.00017536290686541906,2.438741145047033,0.734393111177016,-0.019342510219824412,0.4745125078884718,0.23976264296718588,0.5482916676997206,0.45836560976085583,0.09048716977228137,0.32534932306673253,0.21620891487046462,0.3818212731679718,0.309926817689592,-0.5716640193352646,0.23010099999624264,-0.34896681082867237,-0.5810514347498645,0.10624259821023115,0.8980357158266441,0.9929218754508923,0.09457883574016192,0.08541303695618767,0.9025751805610103,士林
16.78917674150835,15.0,10.321102475853252,75.0,0.0,9.0,23.0,-0.0009974084824352079,67.87564766839378,33.142758302583026,30.0,18.86433548464869,545.0,1.0,21.0,43.0,-0.0017430636137548325,75.01153136531366,27.02212246777164,22.5,20.013224817469524,116.1,0.0,11.1,38.4,-0.00045079480601836384,0.10359116022099447,9.76632441162898,8.5,5.882595582812651,40.9,0.3,5.3,13.0,-0.00024114060663834919,0.023073373327180433,1.1347000231642344,1.0,0.6833456673062142,7.6,0.0,0.7,1.5,-0.00010895946376748813,0.0,0.3021330881507873,0.29,0.1238991334697588,0.97,0.05,0.21,0.38,-8.000836853835191e-06,0.0,11.554672358098754,9.9,6.873673725908959,68.2,1.1,6.5,15.1,-0.0002828590807982212,0.3807106598984772,0.8407183284189416,0.018376014868246006,0.5695387991955755,0.44053062875597937,0.7226528735285704,0.5446450253585616,0.011720887644158448,0.47306077357107795,0.4375296141145736,0.5707007684043223,0.4487206540460081,-0.304739661443078,0.16772496586708607,-0.09876277130161136,-0.33546600693102285,0.4345743768515964,0.8288512407493503,0.9908649637302215,0.43959929460191893,0.42688790536820526,0.8168940083468932,南投
7.933655839668279,7.0,5.437481430182197,53.0,0.0,4.0,10.0,-0.0002527133571430423,24.775397373876988,19.442352666043032,17.0,11.284947692310753,117.0,0.0,12.0,24.0,-0.00030600540762218403,36.43592142188962,27.746918282548478,26.5,14.078042345555636,85.0,0.5,16.4,38.3,-0.0006879793007779372,0.0,4.412364652462451,3.5,3.256365679384767,28.7,0.0,2.1,5.7,-9.067923896961618e-05,0.0,0.7377583559702374,0.7,0.47377656352747693,6.9,0.0,0.5,0.9,-4.76533462714316e-06,0.0,0.2299089651993547,0.21,0.09576250444574608,0.83,0.07,0.16,0.28,-3.6064065927063324e-06,0.0,5.4415531493771105,4.4,3.5983534558945722,30.9,0.0,2.9,6.9,-8.875636498316186e-05,0.0,0.7513276356163128,0.22760224199543122,0.08621032032939138,0.2183476878520202,0.3171775328475975,0.06185048491827003,0.2153191227208833,0.07775371633737221,0.18726095907454163,0.27527722108913427,0.05634346842951582,-0.04321556384340428,0.24792697752399154,0.44888522813186865,-0.08688999912045194,0.08921977380670713,0.6089110303543366,0.9827379305565375,0.181793821232112,0.08611149007386609,0.5765217994167581,花蓮
14.494491326769808,12.0,9.899309888790409,96.0,0.0,8.0,18.0,-0.0005713676444027287,59.28270042194092,31.805933682373475,27.0,20.02300101868654,375.0,0.0,19.0,40.0,-0.0009721207822185186,69.51716114019779,34.56825726141079,36.4,15.6101960318656,99.4,0.0,22.775,45.4,-0.0005726811896850838,0.0,8.012929339655372,6.1,5.959677686266671,60.5,0.8,4.1,10.05,1.8751714757351566e-05,0.2197293859141899,1.089574172645221,0.9,0.966121963970302,15.7,0.0,0.5,1.4,-2.6907489944847007e-05,0.0,0.2084672292220553,0.19,0.11216466762921497,1.81,0.03,0.13,0.26,-5.264055860099046e-06,0.0,9.273366485486298,7.2,6.966389898344191,75.4,1.3,4.9,11.3,1.5288020342881046e-05,0.7517057939169655,0.8142648772351964,0.03856199307743775,0.5160856407997235,0.24141220130273294,0.6755756208140209,0.5134100159368361,0.15173796206890072,0.3729168422213816,0.2220195584589199,0.539269687340894,0.37117079383108514,-0.4765017793961068,0.025282084595344145,-0.1345294471658168,-0.4801761328599463,0.43935932670173256,0.7649368986134033,0.9939050158979407,0.3210709463137227,0.42366796245730515,0.7637929864206524,觀音
19.353212596608607,17.0,13.17280229815738,99.0,0.0,9.0,26.0,-0.0009681738269386666,71.27696389433615,38.391605111970925,35.0,24.17153990573842,247.0,0.0,20.0,52.0,-0.002121198918920037,74.45187009028022,29.634843205574914,26.8,15.222568851658247,97.4,0.0,18.4,38.7,0.0005030996834457591,0.0,11.054202320947134,9.6,6.847817223922262,46.4,0.0,6.0,14.6,-1.232042564600868e-05,0.12894150744344157,0.8963130434782608,0.7,0.8051114068041141,32.0,0.0,0.4,1.3,5.019865149532357e-05,0.0,0.34985381134702404,0.32,0.16827565927898666,1.64,0.0,0.23,0.43,-6.683037331851926e-06,0.0,12.928765678115111,10.8,8.79326063122943,102.2,0.0,6.7,16.8,-0.0001351130492304128,1.394912671433595,0.8736009557800982,0.060971175723944844,0.5973464697041517,0.34739083144153016,0.7082077155666292,0.5996206803679326,0.1468672888757031,0.4795042819823318,0.2975344509490786,0.5681981623275847,0.46834148036674644,-0.4172327898863116,-0.19197797404298558,-0.14268042821495883,-0.4322833226925155,0.5053844365494544,0.8065232199445266,0.9892481320204569,0.49278084426897983,0.49319416712444614,0.8169443025152361,臺南
13.658457997698504,12.0,7.777192935645052,89.0,0.0,9.0,17.0,-0.0007624388641378932,61.23130034522439,24.23059918557301,21.0,16.91435137454768,360.0,0.0,13.0,30.0,-0.0014885642113153512,51.902268760907496,26.515663624812287,26.6,15.200739480974287,95.0,0.0,13.5,37.1,-0.00020721341070851514,0.0,14.0784140969163,11.7,9.519574575835703,78.1,1.1,7.225,18.2,-0.0004589111555087489,2.1910503130071874,1.007570093457944,0.9,0.5385804135960915,5.3,0.0,0.7,1.3,3.559237356979305e-05,0.0,0.5265660985720866,0.41,0.3591583258451421,3.29,0.08,0.3,0.64,-1.564174142203939e-05,0.0,20.384488754926966,15.5,16.366551611805214,140.2,1.7,9.5,25.675,-0.0007211923174034009,10.653837236262461,0.8096071933506335,0.12693473174493244,0.3603408796348885,-0.0011298092300614834,0.37231676799569047,0.3229739708350638,0.20163722838648113,0.22960540610985172,-0.056132466119540515,0.25712761691723574,0.19723508852649266,-0.4563204002163719,0.02349375010829495,-0.36811029347236396,-0.4646966182150838,0.08086732406084494,0.8869623006616577,0.9361915128635662,0.04830004139724117,0.10058768622887106,0.9475942540214386,永和
12.77021571115469,11.0,8.222243686046994,65.0,0.0,7.0,17.0,-0.0009589545935134783,53.339485523128396,23.356202356202356,20.0,15.823865469695905,173.0,0.0,13.0,29.0,-0.0007028624672450833,49.711249711249714,29.65380002306539,30.4,17.097559623189852,98.3,0.0,15.7,40.9,-0.00043000061504566234,0.0,13.698747245099176,11.3,8.543838292730548,75.5,1.6,7.9,17.0,-0.0003143371315670548,1.6935390325948267,1.1121923032474288,1.0,0.596457405627595,10.1,0.0,0.7,1.3,1.8480533263573137e-05,0.0,0.38401313515381963,0.34,0.20259001675010138,2.02,0.08,0.255,0.45,-6.8173772213167145e-06,0.0,16.710358427096626,13.1,12.731222836549067,151.9,2.2,9.4,19.4,-0.0003279089128736356,5.185013339519777,0.7876293510073556,0.022507655172772662,0.4788646008860021,0.26142649591197736,0.5316517578605567,0.43461298245608637,0.1122094571174091,0.3482015413170978,0.26572009413656755,0.3795023904568861,0.3171269160061758,-0.5568360735896499,-0.12547329478303076,-0.42550797855235517,-0.5461610818425081,0.25550592378500614,0.89535286676284,0.9344368742146203,0.18025559085020662,0.21877324167677417,0.9481572157293348,菜寮
19.191401310495458,17.0,12.5780986693582,115.0,0.0,10.0,26.0,-0.000950230119254088,72.84745373031383,40.70345622119816,36.0,26.387472363452215,351.0,0.0,21.0,54.0,-0.0017307488082653967,77.7073732718894,30.490339395343447,26.9,18.043026090171953,95.8,0.0,17.1,41.8,-0.0004365311598359505,0.0,9.16647799468638,8.1,5.5509334930777,41.2,0.7,5.1,11.9,0.00011490301367158896,0.011551345731777752,1.2115206305053314,1.1,0.7146453621646156,18.6,0.0,0.8,1.5,-3.97130275386213e-06,0.0,0.30088740348046555,0.29,0.11829615501758402,0.99,0.09,0.22,0.37,-1.6489800146445261e-06,0.0,10.853355665935082,9.2,7.149441333429051,81.7,1.2,6.1,13.6,0.00013519929016550406,0.7854915097608871,0.8785104495469739,0.24222208665716188,0.47712976869764795,0.15635850532466058,0.7102595705308686,0.44472823390231814,0.320834744173603,0.36667285899989904,0.15871291234177498,0.572253772336781,0.3396801807985016,-0.4133359194885751,0.015433800771137663,-0.02535605646144963,-0.4399059745147097,0.24173099648898153,0.7444550082924368,0.9921058588171354,0.265997351346823,0.24085915361076543,0.7321221664905102,安南
12.498328144817249,10.0,9.154730396799442,143.0,0.0,6.0,17.0,-0.0006550561870068423,49.65986394557823,23.64814387825686,21.0,15.808435503069138,196.0,0.0,13.0,30.0,-0.0008106856368826499,50.36891860733226,31.084736781476785,31.0,16.91955068673592,122.5,0.0,18.1,41.0,-0.0002397191046855924,0.20734938371155398,10.065908825929812,8.5,6.326523019976486,57.5,0.7,5.9,12.3,-0.00025027838493379674,0.3497726477789437,1.0604334063793524,1.0,0.6989522975343507,17.7,0.0,0.6,1.4,9.447664605418143e-06,0.0,0.2834428307976026,0.26,0.12874140839528342,1.32,0.06,0.2,0.34,-4.8485914707677695e-06,0.0,12.046566398507636,10.1,8.03723352267208,87.2,1.1,7.1,14.4,-0.0002726941964273787,1.3874315028564768,0.8587843198847853,0.02742475745329096,0.5599170256056827,0.33796872316273696,0.6743998470962064,0.51060931194605,0.08402640293993781,0.43594758790686516,0.3144259583598618,0.5224806526397203,0.3983251388428072,-0.43924092968768774,0.2688487500997487,-0.2050923289589063,-0.43731126501812495,0.13622300711651977,0.8259346312137491,0.9526237018667811,0.19367371260362154,0.10414627341481589,0.8311986383282337,龍潭
12.571329479768787,10.0,9.284186877597213,88.0,0.0,7.0,16.0,-0.0006646764846351416,48.70520231213873,28.025320846340616,24.0,18.116366494625407,210.0,0.0,16.0,35.0,-0.0013466755847866398,60.642848884264076,32.01716748194736,32.9,15.357070806292931,88.0,0.0,20.6,42.3,-0.0005432113359208916,0.0,11.7549853886616,10.0,7.6416595979696575,79.4,1.2,6.4,14.9,0.00010347851008683402,0.9000584453535944,1.616395915525644,1.4,0.9433238967288669,12.3,0.0,1.0,2.0,-2.9230368589637768e-05,0.0,0.25043508447118723,0.23,0.11571925947110984,1.24,0.0,0.17,0.29,-3.50743614661526e-06,0.0,14.109094097019288,11.7,9.917229706875926,126.1,1.6,7.8,17.2,0.00012152165905390585,2.571595558153127,0.8086053536076727,0.010118493015905474,0.3815360806728078,0.12006594803329217,0.6987094149643149,0.34752234606495597,0.12180334430726397,0.2300524842815349,0.07756840277371793,0.4617106082030732,0.1905898482259778,-0.4107313476997984,-0.002998498930504584,-0.2824260216546979,-0.45179984067746026,0.46264570590298576,0.6303180623331979,0.938677836909407,0.09728333615456682,0.4639901338121684,0.5911180932916456,大園
14.948343757238824,13.0,11.464354730452692,193.0,0.0,7.0,20.0,-0.0011867321760281146,60.18068102849201,36.319286871961104,32.0,22.42866133171057,253.0,0.0,21.0,46.0,-0.001296009512592988,76.742301458671,34.91284046692607,34.6,16.365746247530268,91.5,0.0,22.7,45.9,-0.0008953908218476025,0.0,5.807102040816327,5.0,3.5556752563959315,27.1,0.1,3.3,7.4,6.287022855982077e-05,0.0,1.4227305133079848,1.2,0.8700649568210119,14.0,0.0,0.9,1.7,2.7638349405510098e-05,0.0,0.22085020242914982,0.21,0.09658006924744378,1.21,0.01,0.16,0.27,-1.6885421796135841e-06,0.0,7.172699708454811,6.1,4.167924989416815,40.1,0.6,4.3,8.8,6.687769978784009e-05,0.011661807580174927,0.8004725997459441,0.27854190615845037,0.36826324522410475,0.16704959674898842,0.6296427347830003,0.3592507069917639,0.24605029167237982,0.28570985570643936,0.14798868260319278,0.48950635206084536,0.28215922932227655,-0.3001384075576959,0.07572774376024194,0.2046056366531664,-0.3091912638762471,0.49148480336996087,0.6565774622671489,0.9931086802835056,0.3852073566457769,0.48695813546283695,0.6520269716722435,臺西
12.89525236229546,11.0,8.003613095692545,81.0,0.0,7.0,17.0,-0.0006637468684927182,55.16247983406315,23.124582613701783,20.0,15.603577825150722,185.0,0.0,13.0,29.0,-0.0009396202766807964,49.47610823258491,29.763828070984097,29.6,16.649257505421936,110.0,0.0,16.2,40.2,-0.000520378183642252,0.08066374740723668,10.872119949056385,9.3,6.872561543907649,62.8,0.0,6.0,13.9,-0.00017922938369050863,0.4168113928447377,0.7871743722130955,0.7,0.5144643519754496,6.1,0.0,0.5,1.0,8.633393028539886e-06,0.0,0.28874611756585755,0.26,0.1449146139393658,1.66,0.05,0.2,0.34,-9.251329497044019e-06,0.0,13.096665508857242,11.1,8.847400051171471,91.0,1.3,7.2,16.3,-0.00013453731666542636,1.8640731735556328,0.776531437631127,0.13176153107688043,0.33795422236412287,0.25840309381637466,0.4856047059785202,0.32402564221840147,0.12286262427646033,0.27625716460014493,0.2159256723663704,0.37577134804222206,0.25329318859707,-0.46727742442741943,0.22735138944801803,-0.2427359198328497,-0.4584039709950134,0.14293397865849233,0.8823798418782023,0.9506058649429282,0.1684079651920745,0.10750328581338618,0.9140681118538898,古亭
17.08392012005079,15.0,11.629252911010035,84.0,0.0,8.0,23.0,-0.0008300361805009221,66.51275539651391,32.98275462962963,29.0,22.82198732308338,240.0,0.0,16.0,45.0,-0.0022548065324801297,65.34722222222223,29.99232374768089,25.9,18.577338756847094,120.4,0.6,15.7,41.5,-0.00047769232718584606,0.011595547309833025,8.314083020637899,7.6,4.314965593797842,29.3,0.4,4.9,11.0,-0.00015790903807960026,0.0,1.522446583705095,1.4,1.0250025462945247,11.4,0.0,0.8,2.0,-2.2764133227095843e-05,0.0,0.23354045907720844,0.22,0.11026067503654989,0.89,0.03,0.14,0.3,-4.128982083547289e-06,0.0,9.6906425891182,8.75,4.9827393589808615,64.3,1.0,6.0,12.5,-0.00014760790243266807,0.08208255159474673,0.8484138411311005,0.2665903310171445,0.5916440569423951,0.35358718731976757,0.7340866097590946,0.5664568504368672,0.3350719038398599,0.4675319886149047,0.2840647767786135,0.6112491175703719,0.4435730081041773,-0.22586167953359076,-0.004406604951801305,0.1491788423360621,-0.2498952841311136,0.5394033307008792,0.7225245810601958,0.9910003234113517,0.4317423320068216,0.5312030970959746,0.6996031830829015,善化
19.62136929460581,18.0,12.190035147934625,91.0,0.0,10.0,27.0,-0.0005508204714108517,74.1470723835869,39.88322115952297,37.0,24.013121500932243,208.0,0.0,21.0,54.0,-0.0022672424204669772,76.32542212776006,31.30700600184672,26.0,19.615777778369623,106.9,0.0,16.3,43.925,-0.00012008708341601135,0.06925207756232687,11.449693818601965,10.4,6.599366045289876,55.4,0.8,6.5,15.3,-5.555245206956548e-05,0.19641825534373195,1.7240948525159052,1.6,1.333768000192207,72.3,0.0,1.2,2.1,3.260180123338687e-05,0.02313475997686524,0.3237182288671651,0.31,0.1581079510027756,1.98,0.04,0.21,0.41,-6.96250799438163e-07,0.0,13.03422299248989,11.6,7.775930089199812,80.6,1.5,7.3,16.9,-7.923591132841606e-05,0.681686886192952,0.9056709263803114,0.1256046145818129,0.5940336270026533,0.10053349660308021,0.7152747553843768,0.5755348924274756,0.15867700294190132,0.5376366472301328,0.03797218642280084,0.6165722200169524,0.5177953926461407,-0.34275682608007607,-0.12320679944742216,-0.11231761279400436,-0.3601038648187341,0.2988981307009342,0.8522584977226315,0.9965689382686378,0.22340725552318058,0.2958626813317908,0.8521397486730821,左營
16.61456400742115,15.0,7.875986927295345,76.0,0.0,11.0,21.0,-0.0004467251717412526,79.17439703153988,31.716381418092908,29.0,17.167244914513255,211.0,0.0,21.0,39.0,-0.0015581571152699341,76.17883339154733,19.127320125130346,16.9,14.147898127441323,85.3,0.0,7.3,28.6,-0.0005340080155820179,0.0,23.186553161918,22.2,11.016278985647135,78.1,2.4,14.7,30.4,1.995843183392122e-05,7.667361593699329,1.3102939467874986,1.2,0.6176152388686259,8.5,0.0,0.9,1.6,-4.929532268361641e-05,0.0,0.8125945136007376,0.64,0.5691889291405046,5.24,0.09,0.43,1.0,5.451050817307036e-06,0.08068234209313047,43.27527217975446,36.7,29.243581546854998,224.0,3.6,22.1,56.8,0.0006129090772904854,44.96177901320361,0.8238485516484393,0.03970059220018394,0.4637064381950873,0.2910135122017058,0.32156863761670657,0.36393206471201917,0.1678196084787572,0.30875230068120496,0.23970456717146105,0.18825881619356571,0.2145683083502544,-0.4937880409358821,-0.05550037740273138,-0.5738156285711522,-0.6239102677199014,0.2781819192879808,0.7585277059756724,0.9014706791877808,0.18723533751217009,0.24310061963903393,0.9108697662792226,大同
14.60218553824692,13.0,10.166303045530581,94.0,0.0,7.0,20.0,-0.0009027095667691354,59.26528714252499,32.63849929873773,28.0,19.909880171994587,320.0,2.0,19.0,42.0,-0.0016059731953534406,70.55867227676484,33.02823747251475,32.0,16.431699227539,96.6,0.7,20.8,43.1,-0.00034167929143427266,0.0,9.138755980861243,7.6,6.039701758538989,62.9,0.3,5.1,11.3,-7.2825613675402e-05,0.24506943634029643,1.3366550116550115,1.2,0.9945774892629246,20.8,0.0,0.8,1.5,-3.57239563018971e-05,0.0,0.27056660499537466,0.25,0.1215557034533364,1.29,0.08,0.19,0.32,-6.013499367679221e-06,0.0,10.60137705683277,8.8,7.230693253968306,83.6,0.6,6.1,12.7,-8.798030866183216e-05,0.8519080406115065,0.88130640385167,0.023964180290318583,0.5309042873098208,0.43153638708053427,0.6732875487921532,0.5071845564753507,0.08071141866734827,0.44803499623613985,0.4195038546075605,0.5826750687639737,0.4205399904180099,-0.5229458865543326,0.08594265164971396,-0.25935360244145966,-0.537250132034782,0.3050797121011559,0.8397300072367792,0.9812728511953761,0.3273961695193723,0.28170655413239537,0.8586445465689121,沙鹿
10.50168389269539,9.0,7.541983491797225,87.0,0.0,5.0,14.0,-0.00032719490561003764,40.29729415863431,21.958623895862388,19.0,14.589180019884427,145.0,0.0,12.0,28.0,-0.000992489875359817,46.04834960483496,30.9267166762839,30.6,17.197938405848554,128.7,0.0,17.2,41.1,-0.0002611142513232393,0.2423542989036353,9.491339944649447,8.0,6.3753451142914255,63.9,0.8,5.0,12.1,-0.00038907420889518153,0.4843173431734318,0.8071890050510984,0.7,0.5376618213149553,6.9,0.0,0.4,1.1,1.5639658460484306e-05,0.0,0.28998965041398345,0.27,0.13235200682548548,1.65,0.05,0.2,0.35,-8.961574503137557e-06,0.0,11.452214022140222,9.6,7.755417531920246,85.6,1.3,6.2,14.3,-0.0004328447349892162,1.0954797047970481,0.6393429150427636,0.0559372596450081,0.3771888817590818,0.3184899916062778,0.5113287598137717,0.3678350400613111,0.04633529541336459,0.22885317161807464,0.17135257960247785,0.3190489987863376,0.2213348444361967,-0.34606324832377766,0.2746337059453685,-0.138172910505604,-0.37666644999625437,0.12453316066098638,0.8767575821800759,0.9753546671246982,0.16905075027527303,0.08990144584547491,0.8852490880613905,新店
15.48916551406178,15.0,9.949503565662262,66.0,0.0,7.0,22.0,-0.000948694454309913,63.95804518211157,32.34869646182495,30.0,17.504612671557034,183.0,0.0,20.0,42.0,-0.0022507662030810775,73.13780260707635,32.036414370422044,27.5,19.81384483828929,125.9,0.8,16.1,45.6,-0.00040645209512709106,0.12789210556911987,5.289539504441328,4.8,2.825730258596652,21.1,0.4,3.1,7.1,-0.00022819842574998164,0.0,0.8706843838193793,0.8,0.5695533908378008,6.0,0.0,0.5,1.2,-6.6128807492737485e-06,0.0,0.25552594995366085,0.25,0.09482668705463872,0.85,0.09,0.18,0.32,-5.4748656162897535e-06,0.0,6.2088826554464704,5.6,3.003990351445648,29.8,1.0,3.9,8.0,-0.00023328437883493822,0.0,0.8428123903741448,0.4719891022401185,0.6569375550957328,0.3390521911590742,0.8364756971713493,0.6486922884603812,0.397573418302648,0.5840571476225194,0.3191659670009545,0.7268309645696029,0.5801148085980253,0.10599030596370693,0.3083608751731148,0.42209362786085,0.10158938541784145,0.3074398476784497,0.756611044289614,0.9948523123074107,0.35920910275669493,0.30793335904956487,0.7549443325577514,美濃
18.154467736268884,16.0,11.604347474993842,144.0,0.0,10.0,24.0,-0.0012142404901172483,71.37838154350626,38.0318287037037,34.0,26.115750726481036,519.0,0.0,21.0,49.0,-0.0016038294924025271,75.0462962962963,33.416664709336466,31.1,17.043557769833154,116.4,0.0,20.75,43.6,-0.0007694671687438254,0.03523194362889019,6.14804155720086,5.6,3.420723572427454,26.6,0.0,3.7,8.0,4.443600571755436e-05,0.0,1.7043330600772923,1.6,0.8437045773490227,17.1,0.0,1.2,2.1,0.0001287676296823391,0.0,0.2601552723059097,0.25,0.09882484003298271,0.82,0.08,0.19,0.31,-3.0160552554953485e-06,0.0,7.144506806782899,6.3,4.1912860448162235,50.6,0.0,4.4,9.0,4.13881447113304e-05,0.04776689754000478,0.8132000303355691,0.24151813332001293,0.36623730277534927,0.032297962717072234,0.6303086462485779,0.3499480680397936,0.34643093745474335,0.2544874714476434,0.09744285160838602,0.5350337815304861,0.24100153084963163,-0.36648724774099967,-0.006260275232854371,0.07355747920106398,-0.3933473261071712,0.4364715098819752,0.7082725473023918,0.9911515346385921,0.3901587444959841,0.4112664030915513,0.6824564456770692,朴子
13.360889197638068,11.0,8.24661917648406,77.0,0.0,8.0,17.0,-0.000667389446721673,57.21894176218595,24.118354948007944,21.0,16.235945440329502,169.0,0.0,14.0,30.0,-0.000660772060862447,52.8683257389882,27.29710212666511,26.7,15.954890576800713,101.5,0.0,14.5,37.7,-0.00029731215812387574,0.011684973124561814,16.366766847763262,14.7,8.961322351394394,77.1,1.6,9.8,20.8,-0.0003536479204519008,2.1038030285516123,1.0257556156650594,0.9,0.68470114332522,7.5,0.0,0.5,1.4,-4.408961267575015e-05,0.0,0.39157020982245794,0.35,0.19330672681525815,2.28,0.08,0.27,0.46,-1.0641046979174877e-05,0.0,19.735429430123688,17.4,11.941586001516342,135.5,2.1,11.9,24.4,-0.0003846985247414843,5.444457288174777,0.8090604011101438,0.14390270762267937,0.42976765572868886,0.2627456001853601,0.5279438537112932,0.388009312928101,0.143445513492595,0.30982165522651317,0.1875408220599486,0.37502349009242236,0.27949324046492524,-0.4428142029978154,0.00015244313645510323,-0.35479868466053605,-0.46995119806462277,0.36595153948209475,0.8968189424793298,0.9454502876313633,0.35313498906638485,0.3412135247196745,0.9266274614127444,萬華
19.055946475948783,17.0,12.12844067655852,94.0,0.0,10.0,26.0,-0.001116847561700747,72.59199446302918,38.81607724523034,36.0,24.16039695608221,233.0,0.0,20.0,53.0,-0.00146579785195332,74.29036761284318,32.22488187161461,27.0,19.28795113852863,102.6,0.4,17.2,45.3,-0.00025141934769968123,0.02304944105105451,10.805562682215744,9.7,6.327465280029409,51.8,0.9,5.9,14.7,-8.09380776994437e-05,0.11661807580174927,1.2843472238254643,1.1,0.9052757169463902,17.2,0.0,0.7,1.6,-2.9127586375879405e-06,0.0,0.3226320036891861,0.31,0.1452822030844162,1.23,0.06,0.21,0.41,-9.082803605529939e-07,0.0,12.376116618075804,10.8,7.514318217384363,98.5,1.2,6.8,16.3,-4.5468789685969196e-05,0.5947521865889213,0.870401148598495,0.12097641182400587,0.521751790970788,0.2991005689380397,0.697120516581546,0.45664487606616116,0.17098058360346322,0.46875224243193286,0.27853505391265476,0.6335442489252948,0.40712441721736914,-0.4134928063676859,-0.13052414418825803,-0.07320202317644403,-0.42635372349238765,0.5420064535644762,0.7447283501678278,0.9754800605890039,0.3672383241069842,0.5745177189724114,0.6934560870698504,前金
17.547316959608892,16.0,12.474443741971971,85.0,0.0,8.0,25.0,-0.0006863508619114154,65.98766150622744,43.691333643122675,40.0,23.541791503602507,189.0,2.0,25.0,59.0,-0.0018933513223609632,84.18912639405205,32.72732049036777,27.2,20.807152063654208,134.1,0.0,16.7,46.4,0.0004012740653518111,0.30356100408639813,8.90864269820822,6.9,7.067928337302769,53.1,0.1,3.5,12.7,-0.0004940540341381909,0.10539875863684273,1.6216924347928716,1.3,1.532050789369198,22.0,0.0,0.7,2.0,1.8686618381717936e-05,0.0,0.276839660977592,0.26,0.14474853807400914,2.85,0.0,0.17,0.36,-6.216667603590808e-06,0.0,10.066729125190303,7.8,7.855402272209537,89.6,0.3,4.3,14.0,-0.0005321479485562955,0.5035718468204707,0.8474046163708092,-0.048585804419147866,0.6688765748368608,0.34693593582278814,0.7990151711378574,0.6567080434633061,-0.0794980119251734,0.6666487935280033,0.35290952521382957,0.7299645211466782,0.6533279928918767,-0.4864512232774532,-0.08978434037473781,-0.23069825893837342,-0.491036995685546,0.3943150370766298,0.8479263483255796,0.9978227500200935,0.3861186476450271,0.39251557391104064,0.839836836961514,林園
15.738073288776215,14.0,9.39482261311737,76.0,0.0,9.0,21.0,-0.0007144567049084814,65.77552431435815,30.123967903244562,26.0,17.286466921338516,241.0,1.0,18.0,40.0,-0.001343744851074662,66.48447493894639,30.068667591950035,27.75,17.687020566305527,111.2,0.0,17.0,40.1,-0.0003946063830519937,0.06939625260235947,12.189353283046868,10.4,7.37004801077822,56.5,0.7,7.0,15.3,-0.00011888838042734744,0.6677383454927662,1.4664098613251155,1.3,0.8233798120471216,21.3,0.0,1.0,1.7,2.0908338649816133e-05,0.0,0.3348464203233256,0.3,0.15630390829456534,1.86,0.09,0.23,0.3925,-3.7894117391242674e-06,0.0,14.134227772968963,11.7,10.221138937816853,123.0,1.0,7.8,17.0,-0.00017518867188654627,2.658587857054532,0.9134173141878403,-0.07269655423541285,0.6638098525092575,0.4022484761690738,0.717725304231377,0.6067930489639469,-0.08185535566858866,0.6456070006510752,0.382224629323038,0.6499732169522532,0.5814949591064592,-0.5537013049052709,0.006252303594016812,-0.42092721871145705,-0.5446278809772971,0.29457558274016676,0.9057130061559517,0.9266397692028696,0.30695830429182697,0.2510701996800777,0.9322251085080584,忠明
13.967009826860084,13.0,9.260999333420967,83.0,0.0,6.0,20.0,-0.0004396085294041873,60.80954609265326,26.44095682613769,25.0,13.62368306570151,97.0,0.0,16.0,35.0,-0.0011516247074792915,62.78879813302217,28.914290657439444,24.5,20.449606103282694,109.4,0.0,12.3,41.5,-0.0006408533631722318,0.19607843137254902,5.505076617148204,4.7,3.7205778708320287,26.9,0.0,2.9,7.3,-0.0003138284735127987,0.0,1.209183202584218,1.2,0.3353584299565923,4.5,0.0,1.0,1.4,-2.0987993270151323e-05,0.0,0.2844846604619097,0.28,0.11000102560925552,0.76,0.07,0.2,0.35,-6.251466590451579e-06,0.0,7.063808632588607,6.0,4.244098961632596,33.7,0.0,4.1,8.9,-0.0003028414265198937,0.0,0.8593612417571458,0.31207310345940437,0.513368021478116,0.4137562611031881,0.7394094908125626,0.5017292493078994,0.3378756266661171,0.5105998753738538,0.36493382722129797,0.6598345719784997,0.48075701579124813,-0.07988827889334617,0.2429890763270016,0.14873056605996599,-0.13103052230279105,0.3934542031272935,0.7297424011218346,0.9781539625532742,0.4092508181362759,0.37463448704722124,0.7253211284414246,埔里
19.51568265682657,18.0,12.647614866185338,98.0,0.0,9.0,27.0,-0.0009142538110401418,71.57518450184503,41.03658395845355,38.0,24.41632886333945,217.0,0.0,22.0,56.0,-0.0027029724095441712,78.18811309867282,29.303363488749707,24.4,18.991735748192184,109.0,0.0,14.9,41.2,-0.000226744586921271,0.05799118533982835,11.009670710571923,10.2,5.775398536609863,42.6,0.8,6.7,14.5,5.7978601028689165e-05,0.046216060080878106,1.5157469406603554,1.4,0.8333564920636833,16.6,0.0,1.0,1.8,7.828329797019514e-06,0.0,0.2914356492683489,0.29,0.1274483517385944,0.97,0.03,0.2,0.37,-1.5906713077414266e-06,0.0,12.73991912189486,11.5,6.803330291502296,66.5,1.5,7.8,16.2,2.905531797163977e-05,0.4043905257076834,0.9002521346600186,0.12568988522506933,0.6365314632484611,0.20993626739574908,0.7539799609057042,0.6304700037179235,0.17897578536991868,0.5807942975549913,0.18951811079993844,0.6847688529216586,0.5657384064328264,-0.2511342851086981,-0.10291368604030686,-0.0059189657813874625,-0.27134335910004126,0.36094767247675297,0.8073299771340366,0.9869372318013592,0.31462885654580636,0.36407373944707405,0.79915102323752,橋頭
12.827852774893273,11.0,8.551820173759094,86.0,0.0,7.0,17.0,-0.0009298276360158581,53.23641398407754,28.056128957439405,24.0,17.72276363533011,335.0,0.0,17.0,36.0,-0.0012482787939193777,63.52777455641888,31.09874970787567,30.7,16.68710718573803,94.7,0.3,18.0,42.1,-0.0003448730234888131,0.0,8.314229477827949,7.1,5.3879515715148285,49.6,0.1,4.5,10.9,-0.0002614785492166664,0.10420284821118443,1.6174516204243414,1.5,0.6196101230954804,11.6,0.0,1.2,1.9,-2.6776686637738162e-05,0.0,0.2643031559548491,0.25,0.10854275158278331,1.29,0.05,0.19,0.32,-5.937469713912358e-06,0.0,10.469595924510825,8.8,6.783872134733703,91.3,0.9,6.0,13.1,-0.0003181981656876614,0.7062637489869168,0.7943415689899426,0.06095310668153861,0.5156269399258266,0.2775807293686134,0.6905655451818133,0.515110390813107,0.0901366880810978,0.3071054774396459,0.16986330141277986,0.4362934905474254,0.3024751769019351,-0.32428600055216444,-0.01363457795066615,-0.0726596980918468,-0.34640163138260993,0.4351681195027185,0.7699846880597655,0.9874519866881805,0.2974827760642103,0.4185071726084531,0.7626494137916615,頭份
7.11144578313253,6.0,6.577695527101105,207.0,0.0,3.0,10.0,-0.0004020430755726046,22.532437442076,21.344690781796967,19.0,14.901777921815409,240.0,0.0,12.0,27.0,-0.000852894425304527,45.27421236872812,27.011174023572917,26.9,14.00896387349419,75.4,0.0,15.6,37.6,-0.0007920930975524941,0.0,6.577485515643106,5.6,4.122830697341854,33.8,0.2,3.6,8.7,-2.905765276586195e-05,0.0,0.6447311309380275,0.5,0.532987624493999,17.1,0.0,0.3,0.8,2.8403436261941167e-07,0.0,0.2528019824804057,0.23,0.11061804234209564,1.41,0.07,0.18,0.3,-3.7028254852396412e-06,0.0,8.746709154113557,7.2,6.019490567366266,54.9,0.5,4.5,11.4,1.2528090429870505e-05,0.2317497103128621,0.7160076371838318,0.24096447203505425,0.115020503656814,0.06623130900459652,0.36957910000836125,0.10148509712743328,0.035478064160862854,0.17850420981436277,0.01028421384418673,0.31185950128626005,0.1739873175915215,-0.46678251126357984,0.18543450499500838,-0.08053689442802024,-0.4489381692923697,0.08365883090360099,0.7492998119226102,0.983681288466557,0.07383982935119945,0.10654636051849922,0.750110707996678,冬山
10.687282835302293,9.0,7.765557017998246,73.0,0.0,5.0,14.0,-0.00043873611626154803,41.38290479499653,23.071602363573167,20.0,15.408799154524157,234.0,0.0,13.0,29.0,-0.00016683875668120616,49.53076120959333,31.893288277790727,33.2,15.744652717263381,89.1,0.0,19.2,42.5,-0.00021137043634907943,0.0,7.961587633658763,5.7,6.519719709096713,60.4,0.1,3.3,10.6,-3.146665041712334e-05,0.09298000929800093,1.1670002354603248,1.1,0.5537444689534854,5.6,0.0,0.8,1.4,1.971924665134343e-05,0.0,0.2733813530021897,0.24,0.14083477851569967,1.57,0.0,0.18,0.33,-2.4624551985323454e-06,0.0,9.722884704788472,6.8,8.421557425729048,129.8,0.1,4.2,12.4,2.5900078125662457e-05,1.1157601115760112,0.7986228312470608,0.08234315290694422,0.3808095348605091,0.18334784116465763,0.5484271421206889,0.35299052824958815,0.10861554033316864,0.2623973352640486,0.215713009204281,0.3881927650075127,0.24331858358582512,-0.6648045517086479,-0.026379370948845796,-0.4435607439176017,-0.6786034776945327,0.13168629242961036,0.8857644420676132,0.990844289105597,0.04389703219865834,0.11654509897889549,0.8842224234547926,淡水
11.762376237623762,10.0,8.368975401736419,120.0,0.0,6.0,16.0,-0.00037579156001121025,48.24694234129295,24.160708047047862,21.0,16.806713345365363,227.0,0.0,13.0,31.0,-0.0014821451385691109,52.323279375800624,26.020860314523585,24.9,16.58318948643264,120.3,0.0,12.5,37.125,-0.0006600396369219724,0.04625346901017577,14.493903002309468,12.7,8.383503253348538,66.0,0.9,8.2,19.0,-0.00032724229357085805,0.9006928406466512,1.1150659133709981,1.0,0.8130665171930735,25.7,0.0,0.6,1.4,1.8538684525775177e-06,0.0,0.31428604329801935,0.28,0.1579794084371387,1.39,0.05,0.21,0.38,-9.016791776465064e-06,0.0,18.650854503464203,15.6,12.602926012379783,109.2,1.4,9.9,23.9,-0.0003203417038867498,5.92378752886836,0.788111369771334,0.16873200669609367,0.44008765070279615,0.2485118304087111,0.5717966346878859,0.4270421497278054,0.21943422742740137,0.27872610680585036,0.1761939351176866,0.3553818799334619,0.2443478634537089,-0.5416276373719549,-0.2246346917868738,-0.3572379992059493,-0.5576357474245943,0.5437225879522471,0.8541906996875054,0.9434165697819583,0.47619856781453784,0.5604574741281244,0.9204306018979735,松山
14.109409190371991,12.0,8.54227188697678,76.0,0.0,8.0,18.0,-0.0007075422346720989,61.33824714960268,27.301456027955737,24.0,17.042069402068215,460.0,0.0,16.0,34.0,-0.0013309257691755951,62.5160163075131,15.862256315607336,14.2,11.258026963019114,71.7,0.0,6.8,22.9,-0.00031892714427969463,0.0,27.508573736441267,27.4,10.882050600317589,75.7,2.8,19.3,34.9,-0.0005272804719310993,12.335564274174937,1.0845469255663434,1.0,0.6088179208457772,9.0,0.0,0.7,1.4,-2.5793090699178235e-05,0.0,0.8495672191528545,0.81,0.36229134033124116,3.02,0.14,0.58,1.06,-1.0592835507394765e-05,0.0,61.3999423032541,58.8,29.433251318403478,316.7,5.8,40.4,77.2,-0.0010010880834417134,75.36348949919226,0.8670176295540123,0.06722933362746879,0.46922229868189314,0.28419377799324036,0.45190193533742556,0.36859367636984225,0.146296230629396,0.39997748951306306,0.2258795509003327,0.31875373661067713,0.27802317327892145,-0.2480693653398606,-0.1214153690488704,-0.4088754120186531,-0.5044958767656358,0.4032333317115284,0.7421550250137744,0.8206173681063491,0.3231651422267231,0.40865389661296037,0.89009553791158,三重
19.336768963520555,17.0,12.974843932950924,104.0,0.0,10.0,26.0,-0.0012324878918666502,72.22929936305732,42.03612918215613,37.0,29.718841583311146,593.0,0.0,22.0,55.0,-0.0019538763676003055,78.05529739776952,29.992276422764228,28.3,16.669210617866025,92.5,0.0,17.8,40.0,-0.0006270941128638872,0.0,6.380203165603591,5.7,3.8867621080645534,27.2,0.0,3.5,8.4,-8.420624945420542e-05,0.0,1.382266182839752,1.2,0.7680607270447091,7.3,0.0,0.9,1.7,-2.1551165148795238e-05,0.0,0.2491858037578288,0.23,0.11255241019573888,1.14,0.07,0.17,0.31,-4.9977915805242645e-06,0.0,7.551381998582565,6.7,4.516990901839603,48.6,0.4,4.3,9.8,-8.571553611307615e-05,0.07087172218284904,0.8621186660457192,0.12731928233365322,0.5293634194952141,0.2423345741491096,0.6645111352676557,0.5225193773430473,0.11983598661189508,0.45800027992701203,0.2011067956638829,0.5613836172845615,0.45024478442400295,-0.30740290594033987,0.13318262679500908,0.10394629606238426,-0.3282554093026566,0.5612768889656614,0.7544867144088544,0.9962433702939476,0.5733375495994573,0.5452899723439415,0.7395825169493374,崙背
17.032228360957642,15.0,12.135348653058003,139.0,0.0,9.0,22.0,-0.0012066172951195626,67.10405156537753,30.83111577964519,26.0,23.934830755857146,425.0,0.0,17.0,39.0,-0.0011914076943937257,65.25443510737628,42.88958525345622,43.1,16.43971727176142,101.1,0.0,31.4,53.8,-0.00021163470647776782,0.03456221198156682,5.067916618143705,4.3,3.1908957449064106,32.2,0.4,3.0,6.1,-0.00018201245607448217,0.0,1.1031883015701787,0.9,0.8112592549303117,9.3,0.0,0.6,1.4,-3.645404888801143e-05,0.0,0.23795124782356353,0.21,0.13656304343263154,1.76,0.0,0.15,0.29,-3.857933093926878e-06,0.0,5.9321881914521954,5.0,3.7368029993380025,49.1,0.8,3.6,7.0,-0.00019800235185137325,0.046582042622569,0.7351974400186052,0.36376707008191567,0.20208993156594582,0.2998515926072526,0.4730388332736344,0.16482773335475087,0.27359782717622966,0.11704175164720808,0.26728815123508454,0.26893140591399567,0.0942436556884147,-0.29629793049407827,0.225505785599665,0.252564112436867,-0.30361813603025034,0.37218617487032896,0.3925307156429574,0.9865407114660574,0.22072877198818114,0.37336173897426056,0.3339913611129385,馬祖
6.356145087451579,5.0,6.246317904031102,63.0,0.0,2.0,9.0,-8.725220201707498e-05,21.18793285596901,14.166666666666666,12.0,12.466659394832268,104.0,0.0,5.0,20.0,-0.0006683477269911591,23.616922361692236,39.57365386832699,41.3,14.029331949639584,96.6,4.1,29.9,47.8,-0.0007529606893268531,0.0,1.9614966458477907,1.5,1.543419400525179,16.3,0.0,1.0,2.5,-4.7288992496407466e-05,0.0,0.843080149114632,0.7,0.6390056057077901,10.7,0.0,0.5,1.1,-1.411844070889428e-05,0.0,0.19052770751896989,0.18,0.07408340633900765,0.64,0.05,0.14,0.23,-6.030172414474938e-06,0.0,2.581991672449688,2.1,1.6527438160844576,17.1,0.3,1.5,3.1,-4.761815101590208e-05,0.0,0.7917610282024756,0.3551077980965061,0.4209152608018836,0.20566448384627825,0.4175291106160147,0.399391678426847,0.3897175228025601,0.2820103264859474,0.2023226052105444,0.3536891474906633,0.26905098587230564,-0.24473464801805841,0.18547734636869884,0.6044789924524495,-0.25665716893862955,0.10824163498740871,0.24242298463800535,0.979946491516683,0.11355047491535071,0.0954356370846858,0.22138737591760657,陽明
5.0548801667245575,4.0,5.390139613049155,139.0,0.0,1.0,7.0,-0.0004971021101419841,12.51591987958782,15.252096924510717,13.0,11.462744376912447,231.0,0.0,8.0,20.0,0.0005854753809672352,22.55358807082945,24.790321461609622,24.85,13.453739390851151,70.3,0.1,13.6,35.4,-0.0010599885163179459,0.0,2.676700935659004,2.4,1.3094290485776288,12.4,0.1,1.7,3.4,-2.0306469667270307e-05,0.0,0.6452996474735606,0.6,0.3596817672139508,8.1,0.0,0.4,0.8,4.7060268216372255e-06,0.0,0.16687327188940096,0.16,0.06442401715252576,0.51,0.05,0.12,0.2,-2.7628130494443173e-06,0.0,3.6505602402679913,3.3,1.648448494788862,20.8,0.0,2.5,4.4,-7.621488061493934e-06,0.0,0.4577220122971737,0.14038904503592375,0.2707918234903562,0.1087829187566966,0.31425450164352203,0.24346557443013928,-0.11606270383305982,0.22124946494425102,0.09131561234785478,0.04821796276382965,0.2156219819337965,-0.188517416578017,0.3311515227484908,0.5846702600409218,-0.2467921316990382,0.05037844051989248,0.31269630636090673,0.939639788367876,0.31938650818598496,0.0657746952989213,0.2366315483378417,關山
19.247585096596136,17.0,13.33243803705263,102.0,0.0,9.0,27.0,-0.0013631007449541128,69.58371665133394,40.93164265129683,36.0,25.872532727803524,377.0,1.0,21.0,55.0,-0.0022503567063056925,77.48703170028818,31.132800643826165,27.0,19.154072070672505,104.7,0.1,16.6,41.7,-0.0003088134018626065,0.03449068751437112,8.041656095029408,7.0,4.663708614812794,35.3,0.4,4.5,10.6,-0.0001040095256448692,0.0,1.594575799721836,1.5,0.6267937770664957,8.1,0.3,1.2,1.9,-6.146206356210599e-06,0.0,0.287072470426094,0.28,0.11180051086160026,0.98,0.08,0.2,0.35,-5.430746500450361e-06,0.0,9.515107830700034,8.4,5.199619638624142,59.9,0.7,5.7,12.2,-0.00013933704288663412,0.08072886633606273,0.8694034497017437,0.11808705743778544,0.6358357072464605,0.3264077736172777,0.7998958887009221,0.6328320480773794,0.15230436647234055,0.5254620687385024,0.3412341523086191,0.670707918067182,0.5165163237201361,-0.33453457108605916,0.012539451676042144,-0.010044892433749135,-0.34259490133981974,0.31665124201594763,0.8033430925058994,0.9933561088698266,0.356326642588444,0.30661652029507885,0.7962968039184013,斗六
12.137759815242495,11.0,7.659095127274449,157.0,0.0,7.0,16.0,-0.0004129366468268239,52.517321016166285,23.5638879200093,21.0,15.492252878975561,213.0,0.0,13.0,30.0,-0.0010300494907714672,52.88919893035694,25.235615482971056,25.0,17.251363406846917,108.3,0.0,10.0,37.4,-0.0005583109346625559,0.02324770428920144,13.171192937623418,11.3,7.81877300303031,56.7,0.9,7.5,17.2,-0.0001877452715510875,0.6388663027064699,1.0533889468196036,0.8,0.917402041638377,12.6,0.0,0.6,1.2,-4.069191991385978e-07,0.0,0.2905307488173532,0.26,0.14677383610735087,1.81,0.04,0.19,0.35,-8.128935522697938e-06,0.0,17.328841909629457,13.6,12.852974942347283,146.2,1.1,8.9,21.6,-0.00018599872995726433,5.935648739691021,0.8185707613588225,-0.015362810272645924,0.3484852487609827,0.2484801102519393,0.4747586777202734,0.2977741017266936,0.06488994414843648,0.26616604538176536,0.2585587088897954,0.3915680124471137,0.22723113775705478,-0.5568577988224446,0.09157689550055709,-0.3809094621791917,-0.6221119793771137,0.21918545163448613,0.7832989250108034,0.9160995481497809,0.11142173781350592,0.11864180445339234,0.8585803605898773,汐止
11.38317541021493,10.0,8.723637299873372,333.0,0.0,6.0,15.0,-0.0008348588936524445,49.2142361913566,23.022705992509362,21.0,15.346495817485712,319.0,0.0,13.0,29.0,-0.0018069375793649215,51.01825842696629,41.7643832446193,43.45,15.165100257294075,93.7,5.4,29.8,52.6,-0.0006113597854361754,0.0,3.540075569724879,2.9,2.401708525950241,33.7,0.0,2.1,4.2,-8.489910336420461e-05,0.0,0.5157809424568717,0.5,0.3609385090758911,6.7,0.0,0.3,0.7,-2.2731085266226093e-05,0.0,0.18506373117033606,0.18,0.07259733143592254,0.84,0.05,0.14,0.22,-5.064396566300516e-06,0.0,4.601074507025624,3.7,3.666499854866296,112.8,0.8,2.7,5.2,-7.545693430969094e-05,0.05903884756169559,0.7720583557287268,0.42340203246166336,0.03376803872239133,0.3001411437107532,0.523721732685424,0.17377348226844602,0.46963206543686775,0.0036446607690843306,0.32164991356475203,0.500109401549837,0.08343750900140319,-0.28268918654339825,0.2850801088918185,0.5826546314401452,-0.2790903776776224,0.26025733258529155,0.1767436844053302,0.9653324120982867,0.24270011473909042,0.3141252578199743,0.18873080316019986,馬公
15.20405576679341,13.0,10.380776820267938,74.0,0.0,7.0,21.0,-0.0006895190008355829,60.45627376425855,32.147824084734054,28.0,18.671155338165146,295.0,0.0,19.0,42.0,-0.0019149119941668663,71.85125489293115,27.80641705069124,23.9,18.802428673680264,119.9,0.1,13.4,38.3,-0.00012399002420371614,0.08064516129032258,12.113880162885401,10.5,6.907973608181232,51.2,1.7,6.9,15.7,-5.2227566804269643e-05,0.32577079697498545,1.4548442906574395,1.3,0.6927297140468703,22.7,0.2,1.1,1.6,-1.1418170170043546e-05,0.0,0.35476645190980216,0.33,0.15900440429888932,1.47,0.08,0.24,0.44,-5.21370917755995e-06,0.0,14.385631180919138,12.1,9.031202297857881,83.3,2.1,8.1,17.9,-0.00013274689294470905,2.2687609075043627,0.8857457311131226,-0.14128153709538158,0.6804128423472364,0.5052483283947568,0.7663678157453107,0.6378716824649757,-0.13912911513540718,0.6108025658651083,0.4357507304690755,0.647381922578832,0.5716706104947922,-0.5388154244562361,0.07859173523964981,-0.34640034828871447,-0.5637170904408721,0.44313698338083835,0.8804387252012972,0.9699230648236715,0.49388342230698196,0.4082851828837812,0.8651614866346016,大里
12.68208092485549,10.0,9.003722560541744,95.0,0.0,7.0,17.0,-0.0006555851324756627,49.73410404624277,26.068969487622336,22.0,17.413094310240506,312.0,0.0,15.0,33.0,-0.0012172970521442108,56.23488773747841,30.36192396313364,30.6,15.832053417759488,107.9,0.0,18.4,40.0,-0.0003410109188889209,0.02304147465437788,13.106611957796014,11.3,7.832951312901848,82.0,0.7,7.8,16.2,-0.000334809292760639,1.2192262602579134,0.9964530621896429,0.9,0.5823539766822956,7.9,0.0,0.6,1.3,-2.4403613906381812e-05,0.0,0.3251790443293034,0.3,0.15004295933903614,1.73,0.07,0.22,0.39,-6.148368616056948e-06,0.0,15.50759671746776,13.0,10.040054995182864,118.4,1.5,9.2,18.6,-0.00040932826591796867,2.954279015240328,0.8091061466778732,-0.02075747291733221,0.6363926210279848,0.3673410390137341,0.7309465564111159,0.5840400765566316,0.024295893977341658,0.4958449830047992,0.319764432966848,0.5611200191523694,0.4443975358642001,-0.5145218942207076,-0.03820118660713858,-0.2550547606706153,-0.503525918039693,0.36841552089557034,0.8515636124601283,0.9411905979485694,0.2713945371974415,0.3184425187737393,0.8487078052901976,平鎮
